0.110203
0.206872
-0.181855
-0.147742
0.11574
0.168458
-0.155475
0.315714
-0.125567
-0.250957
-0.0429794
0.153261
0.187704
0.255561
0.197503
0.10146
0.164973
0.17091
0.156184
-0.109327
0.507967
0.33468
-0.18823
0.160516
0.143455
0.212957
0.095683
-0.226269
0.114641
0.0600342
-0.395131
0.0393183
0.143594
0.0909737
0.124529
-0.242221
0.148383
0.0777518
0.114675
0.099617
0.126669
-0.129167
-0.215287
0.141945
0.31585
0.199761
0.148683
0.184036
0.19027
0.175257
0.262614
0.156647
0.0640972
0.250698
-0.171244
0.0572993
0.192713
0.192796
0.0803527
0.116755
-0.122045
0.155458
-0.328489
0.0408249
-0.127285
0.214241
0.170317
0.274422
0.202298
0.0940406
0.315954
-0.116775
0.348596
-0.147074
0.257301
0.0871992
0.13762
0.186513
-0.118768
-0.186899
0.0911573
-0.154437
-0.179953
0.155682
-0.0515278
-0.146536
0.314437
0.0887416
0.208652
-0.175535
-0.136321
0.244043
-0.118673
0.0733227
0.262682
0.0071834
0.0312289
0.167132
0.15749
0.399663
0.196287
0.192888
0.238018
0.0625807
0.273643
-0.217979
0.267639
0.136793
0.0643334
0.155738
0.213219
0.210794
0.272033
-0.134683
-0.000409656
0.110907
0.0970644
-0.0838733
0.379877
0.0938303
0.234869
0.215906
-0.209404
0.241499
-0.383808
0.0240102
0.235681
0.00994479
0.24893
0.179861
0.223974
-0.119858
0.00632696
0.0820287
0.107685
-0.0553152
-0.109594
0.494978
0.250655
0.0396645
0.0621178
-0.1175
0.148902
0.397326
0.0171993
0.0563154
0.162142
0.160942
0.0743532
-0.220454
0.0376968
0.0545939
-0.194658
0.126803
0.162571
0.191018
0.221311
0.315922
0.381766
0.000109988
0.285954
0.260392
-0.0615747
-0.213809
0.113525
0.0236702
0.0643359
0.16517
0.164902
0.392959
0.305379
0.0441664
-0.151437
-0.130912
-0.200191
-0.0682652
-0.213011
0.100544
0.288564
-0.0907183
0.175415
-0.0984722
-0.0744421
0.323703
-0.24284
-0.0737017
0.357896
0.0768869
0.66584
0.163738
0.315641
0.0437178
0.0187848
-0.00925057
-0.0123572
0.025437
0.0014884
-0.0176068
-0.0118444
-0.0164737
0.0211939
-0.00383827
-0.0150699
-0.0111726
0.00954853
0.0123097
-0.0135447
0.0342835
-0.0135768
0.00897897
-0.00226084
-0.0235476
0.00726291
-0.0190078
0.0324278
-0.0228037
0.000226154
0.00338025
0.00073759
-0.00501449
-0.0199587
0.00148999
-0.00354188
0.0332569
0.0250299
-0.0122061
0.00835692
-0.00375555
-0.0138039
0.0143555
-0.0116051
-0.0248379
0.0135336
0.0154271
-0.00180307
0.00979378
-0.0125102
-0.00220915
-0.00102883
0.0209116
0.0179875
0.0182371
0.0153232
4.49051e-05
-0.0212588
0.0122825
0.0178106
-0.0042705
-0.0175075
0.0236122
0.025318
-0.0148069
0.0126458
0.0240928
0.0398053
0.0197785
-0.0167368
-0.0069903
0.00677361
-0.00314533
-0.00837251
-0.0035796
-0.016408
-0.0252285
0.0047674
0.000338954
0.00330131
-0.0264758
-0.0170513
-0.0220789
0.0258424
-0.0106677
0.0153421
0.0175362
0.0140628
0.0168932
0.011045
-0.011298
0.00164149
0.0140497
-0.00414605
-0.0033776
-0.0128389
-0.00999637
-0.0180361
-0.0259474
0.0251667
0.00415914
-0.00478002
0.0142249
-0.00487406
0.00722729
0.0150307
0.0102289
0.000695377
-0.00138653
-0.015589
-0.006071
-0.00506792
-0.0157005
0.00108345
0.00402278
-0.00490334
0.00281252
-0.0139215
0.0081116
-0.00127769
0.0186382
0.0166994
0.0150025
-0.00068671
-0.0293929
0.0289715
0.0196178
0.0138279
0.0197095
0.0108782
0.0191724
-0.0185027
0.00768866
0.00450234
-0.00995977
0.018127
-0.0136449
-0.0212642
0.00252823
0.000281796
-0.014314
0.0111988
-0.00841354
0.00446684
-0.0115174
0.0180616
0.01223
-0.00314068
0.0329753
-0.00525562
0.0193723
0.0200348
-0.0107365
-0.00270966
-0.017117
0.000284446
-0.0176328
0.0162261
-0.019007
-0.00845887
-0.00765919
0.0138028
-0.00746106
0.00604878
0.00303999
0.0160786
-0.005865
-0.0019885
0.00986256
0.00331882
0.0251444
-0.0334904
-0.00352991
-0.0208768
0.0062408
0.0030785
0.0324929
-0.0132545
0.0259025
0.0185375
0.00587028
-0.00494775
0.00476784
0.0282305
0.0159532
-0.00128073
-0.00714611
0.0291809
-0.0192129
-0.00698047
-0.0121247
0.0130723
-0.0249083
0.00905294
-0.00606022
-0.00988962
0.0173127
0.00805332
-0.0169182
-0.0224558
-0.00554379
-0.000563819
-0.00811819
0.00317201
-2.86056e-05
0.0107892
-0.0206737
-0.00941448
0.00698325
0.01518
-0.0161203
-0.00234575
0.00482337
0.00730015
-0.00304651
-0.0190607
-0.0222242
0.0119313
-0.0224833
0.000674496
0.0162761
-0.00347006
-0.00206766
-0.0189373
0.0226009
0.0029943
-0.0215488
-0.014259
0.0473749
0.00455383
-0.00765667
-0.00644163
-0.0238774
-0.00114959
0.0145651
-0.00788379
-0.0136421
0.0159384
0.0241914
0.0121605
0.0153307
-0.0225452
-0.0110483
-0.016572
0.015799
-0.00276534
-0.0125133
-0.0257789
0.0267349
-0.018112
0.00163977
0.0229603
-0.00728736
0.0134939
-0.0116774
0.00465683
-0.0198902
0.00587946
0.0160355
-0.0174508
0.0492599
-0.010522
-0.017792
0.0247623
0.0104629
-0.00289821
0.0139203
-0.0025754
-0.0217345
-0.00917708
-0.000945149
-0.0345777
-0.00437819
0.0105976
-0.0138183
-0.00604128
-0.00303648
-0.0112203
-0.00204866
-0.00198755
0.00771381
0.030132
-0.0134195
-0.0164061
0.00310782
-0.0037471
0.0214907
0.0248604
-0.00281242
0.00679395
-0.0283088
-0.00224556
0.0355545
-0.00551564
-0.00237049
0.00678285
-0.000582726
0.0253456
-0.0121266
-0.000532724
-0.00812375
0.0101418
0.011762
0.00210633
0.00909952
0.0187537
-0.00868407
0.0279373
0.00141483
-0.00595331
-0.0172429
-0.0148352
0.000904758
-0.018572
-0.00925626
0.0169686
-0.00720022
-0.0164661
0.0234234
-0.0148559
0.00439707
0.0147663
0.0175228
-0.00563139
0.0108919
-0.01297
0.00185418
0.0163024
-0.00554554
0.0275248
0.00351489
-0.00735506
0.0107809
-0.0113832
-0.00419704
-0.000201237
-0.0196174
-0.00561578
-0.0177401
-0.00207913
0.0343607
-0.00844639
0.00560936
-0.00834737
-0.0377254
0.0267701
-0.0224018
0.00638833
0.0187424
0.0160505
0.00963063
0.00819799
0.0116358
-0.016625
-0.0326728
0.0219869
0.0239369
0.0109373
0.0154634
0.0147885
0.0212323
-0.0158337
-0.0225996
-0.00862364
0.0047381
-0.0138868
-0.0128818
0.0163481
0.0223992
-0.00501437
-0.0102394
0.0126511
-0.0153067
0.0106333
-0.026889
-0.0148207
0.0122347
-0.0143373
0.0144715
0.0180158
-0.0235085
-0.0134377
-0.00172601
0.0233723
0.00852224
0.00969331
0.0179412
-0.00737315
0.0199663
0.0158289
0.021386
-0.0177895
0.0406441
-0.0121698
0.0215077
0.00333746
0.00313865
0.0270696
0.00530018
-0.00241607
0.0024389
0.0147512
-0.00477473
0.0067446
0.0236948
-0.00313282
0.0170317
0.00408201
0.0188327
0.00526049
-0.00627661
-0.0180457
-0.01946
0.0204771
0.0205437
-0.0164579
0.00214613
0.0110203
-0.00639455
0.0248771
0.0212922
-0.00631663
-0.0093136
0.00141149
0.0118526
0.01847
0.032794
-0.0300949
0.0163902
-0.00843646
0.0126201
-0.0174372
-0.00461277
-0.0307477
0.0262014
-0.0221109
0.00947684
0.00948585
0.00123811
-0.00785557
0.000190331
-0.0278916
0.00138348
0.0111306
-0.0230912
-0.0142378
0.0130334
0.0116699
-0.0222934
-0.0158141
0.00315577
0.0121293
0.0236881
0.0161031
-0.0246338
0.0124008
0.0109715
-0.0202424
0.0308237
-0.00843783
0.00515605
0.000654792
0.00480547
0.00384456
-0.0012361
-0.00234927
0.00948712
-0.0131348
-0.00204527
-0.0100682
0.0127625
0.0200028
-0.00697349
-0.00185964
-0.0157946
0.0067834
0.00194701
0.0225807
-0.0143668
0.0242636
0.0219072
0.0112598
-0.0064037
-9.24276e-05
0.0189304
0.000983842
0.00340571
0.0250478
0.00863053
-0.0164461
-0.00862813
-0.0257954
0.0242613
0.00731263
0.0158011
-0.0144959
-0.00797103
-0.00817232
0.0115026
0.00425905
0.0181777
-0.0132561
-0.0164711
0.00240778
-0.00110734
0.000411511
-0.0195664
-0.0203507
-0.00930988
-0.0128632
0.0210423
0.00392403
-0.0243799
0.00237318
0.0229935
0.00240118
0.00117984
-0.00867766
-0.0186185
0.00293138
0.014758
0.0155186
0.0162284
-0.00707683
-0.0118369
-0.00859028
0.0182459
0.00944096
0.00814422
0.00158941
-0.00275861
0.00732257
0.0224824
-0.00130339
-0.0061638
-0.0169007
-0.0172164
-0.00358986
-0.0112333
0.00699937
0.0100106
-0.0153488
-0.020556
0.022448
0.0101825
0.0134749
-0.0178494
0.0158825
0.0116075
-0.00153282
-0.00654986
0.0292518
-0.00683344
-0.0275885
-0.00413194
0.00561404
-0.00573107
-0.0240027
0.0118396
-0.0221805
0.0119592
-0.0156302
0.0326307
-0.00375728
0.0185686
-0.0198397
0.0175612
-0.030118
0.00618729
-0.0200294
0.00385904
-0.0164147
-0.00166063
-0.00280211
0.0289789
0.00251309
0.000366444
-0.0198949
-0.00631026
0.0248401
0.0498967
0.0103937
-0.00390309
-0.0103874
0.0219232
-0.0111445
-0.0171794
-0.0349263
-0.0105929
0.0291505
-0.00536533
-0.0146392
0.0138532
-0.0156901
0.0107959
0.00850255
0.00634626
0.0075092
0.0169822
0.018686
-0.0295052
9.99409e-05
-0.0262314
0.0119878
-0.0209145
-0.0257298
-0.0221924
0.0273087
-0.011007
-0.0138024
0.0153397
-0.00365808
0.0454844
0.00349501
0.00887113
0.0103964
0.0299313
0.0154857
0.00211793
-0.030601
0.00861033
0.0148678
0.0140112
0.0116149
-0.0188031
-0.00431191
0.00596735
0.00295269
-0.006558
-0.00323273
-0.00299539
-0.0137917
0.0216751
-0.00222905
-0.0211552
-0.00689094
0.00823825
-0.0287333
-0.00917092
-0.00347065
-0.0150101
-0.00552167
0.0127069
-0.00110243
0.0481762
0.00820121
-0.0337287
0.0186372
-0.00381522
0.014155
-0.00742068
-0.0225586
0.00326347
0.0242313
-0.0190928
0.0103251
-0.00264807
0.00351997
0.00184705
0.0210254
-0.0110552
-0.0125817
-0.00240779
-0.0131716
-0.0328656
0.00382637
-0.00558642
0.0220018
0.0137982
0.00728711
-0.0117683
0.000843003
0.0168713
0.0192945
0.0040004
0.0196115
0.0212081
0.0146119
0.0124882
0.025869
-0.0091682
0.0188104
-0.0255544
-0.0341619
0.0235584
-0.025818
-0.0147441
-0.0166535
0.0155086
-0.000590744
-0.00679842
0.0150132
0.0164683
0.00450645
-0.0283932
0.0218584
-0.0221868
-0.0190271
0.0212117
0.0155491
-0.0243397
-0.0234329
-0.0174471
0.0353508
-0.0250933
0.0265971
0.0214826
0.00989353
0.0347699
0.0107151
-0.0143352
-0.00303612
0.0222133
0.0112491
-0.00581781
0.0017375
0.00207633
0.00381994
0.0131586
-0.00858212
0.0278234
-0.0224565
-0.0235041
0.0102809
0.0145727
-0.0164787
0.0206223
0.0168616
0.0147848
0.00685769
-0.00277567
0.0250743
0.0247342
0.0156594
0.010958
-0.0198841
0.0236771
-0.00532606
0.00449993
0.00872343
0.00745526
-0.0136528
0.00811845
0.0272293
0.0228784
0.0205775
-0.00725466
-0.0185558
-0.0153268
-0.0233705
0.005038
-0.020192
-0.00665913
0.00984477
-0.0258041
0.0170064
-0.00503542
0.0139967
0.0102127
0.0184081
0.00432745
-0.0045062
0.0106696
0.010639
-0.0134919
-0.00671821
0.00982926
0.0175608
-0.0154629
-0.014517
-0.0028607
0.00414439
0.0286364
0.0340066
-0.0206077
-0.0106866
0.0336429
-0.00791116
0.0140011
-0.0196771
-0.0175738
-0.0121771
-0.00213402
-0.00387248
-0.0151213
-0.00837006
-0.00992246
0.00153711
-0.0115917
-0.0242436
0.00243145
0.0190456
0.00329147
-0.00737154
-0.0190121
0.0147425
0.00712555
0.0257635
0.00922685
0.0322128
-0.00777451
-0.0166
-0.0196723
0.0219796
0.00299542
-0.0117835
-0.0103721
0.0314822
0.00704237
0.00225298
-0.0111397
0.00332763
0.0114378
-0.0137158
-0.0099644
0.0174759
0.0101392
-0.00629602
-0.00747813
0.0156634
-0.000919827
0.00485005
-0.00519911
0.0251183
0.0190094
0.00315551
0.00309828
5.85087e-05
-0.0133881
-0.0086018
-0.00753186
0.019162
-0.00849003
0.00966299
0.00161087
0.00249679
0.037605
0.00607105
-0.0126443
-0.0142362
-0.00690052
0.00863169
0.0196457
0.0160801
0.00888072
0.0228194
0.0161457
-0.00756762
-0.0150855
0.01699
0.00358809
-0.00117388
0.00438312
-0.0172557
0.00668868
-0.0131796
0.0087263
-0.0251352
0.000698855
-0.00983109
-0.0118749
0.0169336
0.0126272
0.0216592
0.0114559
-0.0136241
-0.0114176
-0.000350648
0.0346789
-0.00312128
-0.000193086
0.0198003
0.0290453
-0.011324
0.0168135
-0.00553213
0.0207428
-0.0119564
0.0255924
-0.0108754
-0.0116435
0.000164971
0.00836351
0.00324598
0.0222834
-0.0130788
0.0155713
0.00725914
-0.0149997
-0.00912891
0.0192111
0.0195824
-0.01635
-0.0108294
-0.00173577
0.0213562
0.0133681
0.0143165
0.0282602
0.0133381
0.00885797
-0.00329945
-0.0196762
-0.0207455
0.00875433
0.0228329
0.0198529
-0.000701758
-0.0294258
0.00494033
0.0189159
-0.0198567
-0.00592737
-0.00460587
0.00957847
-0.0120614
0.0191425
0.0057074
0.0252713
0.0306085
-0.0222917
0.00380969
0.00234722
0.000738248
-0.0180848
-0.0219654
-0.0166798
-0.0121334
0.0317115
-0.0265451
-0.00126663
-0.0191432
0.0147972
0.0158635
-0.0109706
0.0226543
0.0172891
0.0136935
-0.0132574
0.013557
-0.0154791
-0.0067673
-0.00620107
-0.0043739
0.0313273
0.0174896
0.0165082
-0.000123184
0.0112568
0.0166534
-0.00411089
0.014884
-0.00812354
-0.0240897
-0.0130314
-0.0210881
-0.0103501
-0.0207053
-0.0140723
-0.000671416
-0.0137933
0.0242661
-0.0106557
0.0174132
0.0269609
0.00583096
-0.00903293
-0.0110149
0.0101172
0.0129597
0.025842
0.0131702
-0.0104914
-0.0141347
-0.0042375
-0.0198632
-0.0250572
-0.0117012
0.00147872
0.00386407
0.031688
-0.0237641
0.0100229
0.0108657
-0.00321133
0.0185219
0.00714132
0.0263883
-0.0109788
0.0204934
-0.0133239
0.0225123
0.00922902
-0.00213315
0.00333109
-0.0107684
0.0021439
-0.0222469
-0.0104025
0.00300992
0.0214779
-0.0140239
0.0289214
0.00920477
-0.0106098
-0.0140772
0.025446
-0.0149609
-0.00143287
0.00322047
0.0231462
-0.00464603
0.0158138
-0.00221173
-0.0238379
-0.0219725
0.000267793
0.00495264
-0.0204812
0.0155259
-0.00643469
-0.0122915
0.000671894
0.027693
0.0165917
-0.0237574
0.0242983
0.0323241
0.00426307
-0.0146078
-0.0249308
0.00486731
-0.00253344
-0.0125015
0.00444422
-0.00757304
-0.00553676
-0.0208751
0.011581
0.00428406
0.00177573
0.00112033
-0.0109058
0.00106371
-0.00626849
-0.0164291
0.0101047
0.00553081
0.0171009
0.0163603
-0.0186633
-0.00437391
0.0102448
-0.00129148
-0.00410692
0.0121337
-0.000939598
-0.0128887
-0.00681254
0.00677566
0.0213648
0.00242336
-0.00401293
0.0247456
0.0197126
0.00376374
-0.0129528
-0.0165688
-0.0217335
0.00991522
0.000711623
-0.00899164
0.00172328
0.00212182
-0.0112918
0.00939529
0.0246068
0.00164016
-0.0153928
0.0224308
-0.00894402
-0.0106615
-0.0113224
-0.0233776
0.0118845
-0.00770562
0.0167249
0.0110153
0.0101673
-0.00563749
-0.000699025
-0.0088928
0.00080957
0.0207319
-0.0249087
0.0239086
0.012809
0.00427159
-0.00152587
-0.00431467
0.0038214
0.0232021
-0.00191707
-0.0250564
-0.0063528
-0.0046383
0.00678132
0.00302239
0.0296011
-0.0172649
-0.000238241
-0.00555276
0.00244698
0.0118793
-0.0203699
0.00464215
-0.00899666
0.0220437
-0.0223668
-0.00570216
-0.0150608
-0.00340093
-0.00258572
-0.0155761
0.00786641
0.0107073
-0.0174497
0.0181582
-0.0123044
0.000638872
-0.00987277
-0.00978242
-0.00342934
-0.00222206
0.0161089
0.00426068
0.0184183
-0.00612908
0.0246153
0.0187949
-0.00586935
-0.00531904
0.0261582
0.0199679
0.0254895
-0.0245856
-0.0160013
-0.0107147
0.020562
-0.012579
-0.00892403
-0.0150095
0.00765375
0.0259803
-0.0140256
0.0221812
0.0307823
-0.0140328
-0.0052475
0.0178298
0.0271655
0.025052
0.00354434
-0.0255582
-0.0202907
0.0253099
0.00826954
-0.0234452
-0.0224587
0.0065489
0.0122257
0.00454636
0.0254494
0.00762309
-0.00214996
0.0212706
0.00888557
0.0133123
0.0121029
0.0133073
0.00990952
-0.00767482
0.0134447
0.0110232
-0.0187678
0.0217129
-0.00504913
0.0206111
0.0118315
-0.0320669
0.00360504
-0.0077467
0.022171
0.0143967
-0.0125358
-0.031586
-0.00119042
0.0115645
-0.0184424
0.0110935
0.00408156
0.0159666
0.00141464
0.0097874
0.0148444
0.0189557
-0.00880891
0.00373179
-0.00381931
-0.00676946
-0.0141954
-0.00451872
-0.0118675
-0.0221347
-0.0224936
0.0143083
-0.0266745
-0.00443402
0.00815198
0.00222786
0.0288882
-0.0139633
-0.0183416
-0.00500348
0.0321546
0.0240769
0.0013966
0.00644014
-0.00775978
0.0145721
-0.000361002
-0.0193199
-0.00293907
0.0147902
-0.0043477
-0.00172261
0.0149753
-0.0248781
0.0278452
0.0263463
0.00300187
-0.0104795
-0.00433758
-0.0146952
-0.0159102
-0.0157379
0.024545
0.00762259
0.027515
-0.0037031
0.0147039
0.00180506
0.0249131
-0.0164257
0.0165838
0.0134732
0.0226689
0.00864351
0.0163502
-0.0224249
0.0219734
-0.0225887
0.000303854
0.00113826
0.00666074
0.0203552
0.00751061
-0.010235
-0.0231195
-0.00573611
-0.0164615
0.00277692
0.0163754
0.000293386
0.0208224
-0.0144642
0.00491498
-0.0109228
0.00180525
0.0169458
-0.0192804
0.000644767
-0.0172711
0.00802629
0.028641
0.0246622
0.0136334
-0.00749747
0.00253716
0.0207843
0.00400644
-0.02245
0.00608087
0.0200709
0.0026857
-0.0140696
0.00434941
-0.00444625
-0.00310959
0.000571588
0.0269109
0.00142335
-0.0128255
0.0128397
-0.0209736
0.0242919
0.0163239
0.0242652
-0.00036405
-0.0042436
-0.00495146
0.00576851
0.0178599
-0.0134458
-0.0215024
0.00400122
0.0138763
-0.022787
0.0131973
0.0103097
0.0264152
-0.0162128
0.0158847
-0.0129781
0.0159102
-0.0191889
0.0155929
-0.0130106
0.00792559
-0.0104407
-0.0155241
0.00608235
0.0255439
-0.00477432
-0.0150768
0.0189745
-0.00226311
-0.0217848
0.011843
0.0287204
-0.00347472
-0.0291559
0.00124059
-0.0104213
-0.00605768
-0.0038955
0.0124707
0.0245948
0.0352461
-0.00611183
-0.0217983
-0.00694446
0.00854674
0.0239415
0.0223432
-0.0280314
-0.0216346
0.00921119
0.010044
-0.00335218
0.0159492
0.0126687
-0.0217032
0.0242253
-0.00515501
-0.0110977
0.0225873
-0.00163431
0.000948486
0.0123794
-0.0166339
-0.0130755
0.00692275
0.0108896
0.0160016
-0.01442
-0.0162426
-0.0116794
0.0172866
0.0257235
0.0331977
-0.0304126
-0.00201551
-0.00491556
0.0223992
-0.0141684
-0.00504813
0.00227561
0.0219229
-0.0283972
0.00449242
0.00513361
0.0131898
0.00682637
0.01737
0.0254711
-0.00608485
0.00165449
-0.0122143
-0.0248651
-0.0124634
2.28803e-05
-0.00840284
0.0172598
-0.0173468
-0.025919
0.0310724
0.00402236
-0.00860677
0.0180725
-0.00259725
-0.0175908
0.0398487
0.0248814
-0.0231966
0.00806181
0.0314485
0.0122823
0.008817
0.0224878
-0.000177563
0.0293447
0.0223898
-0.000433741
0.00912868
0.00765605
0.000361454
0.0313628
0.00111366
0.0167054
0.0268864
0.00135462
-0.00225829
-0.00673499
-0.00549704
0.00842153
-0.00308091
-0.00683243
0.0277028
0.0178249
-0.00490053
-0.00892374
0.0208195
-0.0132989
0.000422971
-0.0163455
0.0164483
0.0367891
8.00402e-05
-0.0138305
0.0249237
-0.0219452
-0.0187542
0.00699947
0.0173048
0.0159367
-0.00935186
-0.0266946
0.0243376
0.00738274
0.0221587
0.0134003
-0.0244063
-0.0155603
-0.0143603
0.00696982
0.0146746
0.00455427
-0.0200643
-0.00325332
-0.00292718
-0.00297067
-0.0243527
-0.00633395
0.00580712
-0.011991
0.00783171
-0.0145577
-0.0375516
0.00689181
-0.00453384
0.0189039
0.0178912
-0.0145664
-0.000223888
-0.00279775
-0.0109439
0.0146301
-0.00584898
0.0243868
-0.0146072
-0.0139187
0.0278236
-0.00664459
0.00398176
0.0179954
-0.0227322
-0.00760262
-0.00424424
-0.014678
-0.0243769
0.00730864
0.000678904
-0.0136757
0.0201408
0.0140346
-0.0163247
0.0275656
0.0469741
-0.0184224
0.00681148
-0.00721905
-0.0157837
-0.0166506
0.00187989
-0.00502714
0.0169637
0.00529446
0.00805995
-0.0142558
0.010187
0.0152404
0.00187671
-0.0151224
-0.00702075
0.0245004
-0.019779
-0.0144732
-0.00223686
-0.00621413
0.000647054
-0.00230128
-0.0155936
0.00789865
0.00219355
-0.0127879
0.00648059
0.0155525
-0.0165187
0.013303
0.0474963
0.0252276
0.0104841
-0.0208302
-0.00693646
0.00844449
0.0221319
-0.0323645
-0.0251946
-0.016371
-0.0130754
0.0106401
-0.0218244
0.00970827
-0.0198011
-0.00940471
0.0189228
-0.00480635
0.00727625
0.026736
0.0167089
-0.0149232
-0.0085736
-0.00439793
-0.0280505
0.0163589
-0.0071866
0.0186981
0.0125103
-0.0137015
-0.00534376
-0.000846327
0.00300931
0.00187522
0.00890022
-0.00237013
0.0100514
-0.00108499
-0.0106154
0.00111373
0.0141582
-0.000186779
0.00894362
0.00952803
-0.0100313
0.00928122
-0.00972681
0.0213959
-0.0182014
0.0200228
0.0125225
-0.0268183
0.0177841
-0.00981307
-0.0155452
0.0322636
-0.0239371
-0.0114767
0.0160047
0.0185281
0.0150286
-0.00942315
-0.0088041
0.0183158
0.0248523
0.0170621
-0.02039
-0.00650781
0.00216009
0.00467349
-0.0131948
0.0277074
0.0264407
0.015674
0.0183638
-0.0105337
-0.00148786
0.0243149
-0.0263491
-0.00354595
0.0122701
-0.0245626
0.0053041
0.0081024
0.00302083
0.00703116
0.00975374
0.0214584
-0.0213831
-0.00939757
-0.00999854
0.0187319
0.0156007
0.00147895
0.00807955
-0.00605587
0.0164457
0.0116862
-0.00255864
0.0131976
-0.00095498
-0.00927571
0.00976668
-0.0193281
0.0252293
-0.0187565
-0.002972
-0.00514262
-0.0126521
-0.00340664
0.0130186
0.0157951
0.00521072
-0.0151177
0.000618898
0.0119772
0.0207706
-0.0189685
0.00894912
0.0371712
-0.008357
0.00657696
0.0206208
0.018565
-0.00633831
-0.00486441
0.0260799
0.0279797
0.0193376
-0.00567148
-0.0261587
0.00297951
0.00889059
0.0127385
0.0215469
-0.00257998
0.0106548
0.0279218
0.018136
0.0187015
-0.00766671
-0.00537359
0.00878786
0.0190736
0.0169434
-0.0252031
0.0217571
-0.0060943
-0.0135229
-0.00568191
-0.0199888
0.0203677
-0.0259571
-0.0058242
0.00423939
0.0111181
0.0234627
0.00873614
-0.0192354
-0.011863
0.0443472
-0.00293009
0.0157578
0.000592042
-0.013682
-0.010071
0.0277343
-0.0337528
-0.00566392
-0.00612516
0.0296291
0.0148162
0.0259728
-0.00021175
0.0212027
0.0088382
0.0236621
0.00355506
-0.0230855
-0.0263768
-0.0221418
-0.00367795
0.0127859
-0.00242788
0.00420313
0.00600747
0.0130162
0.0148901
-0.0104995
-0.0159286
0.0119191
-0.00953532
0.02506
0.00716039
0.000953698
0.00250037
-0.0122518
0.00725826
0.0173076
0.00190378
0.0148204
0.00839017
-0.00673289
0.0207116
-0.0102165
-0.0156952
-0.00317905
-0.0160706
0.0310842
0.00702476
-0.00459218
0.0250507
-0.0133902
-0.00384603
-0.0230105
-0.00937486
0.0103843
-0.0196925
0.0153608
-0.0072623
-0.0156682
-0.00199125
-0.00106206
0.0108433
0.000246885
-0.0233823
-0.00540326
-0.0160166
0.00863193
0.0173868
0.0101557
-0.00558158
-0.00547585
0.0120937
-0.00244565
0.007281
-0.0143208
-0.0273304
0.0196565
0.0258825
0.0212361
-0.0153391
0.0141851
-0.0187151
0.000747389
-0.0199511
-0.0165997
0.00618484
-0.0308575
0.0164904
0.0176071
-0.0102343
-0.00697698
-0.00512847
0.0189584
0.00401218
0.0171836
0.0303372
-0.010377
0.0107513
0.0244193
0.0265458
-0.00323142
-0.0213157
0.0112047
0.0183529
0.0244673
0.0158015
0.00623316
0.0101562
0.00618692
0.00189896
0.0353469
0.0143148
0.00674132
-0.00618415
0.0140262
0.0180345
0.0109681
-0.0202602
0.00203758
0.00170243
-0.0111481
-0.00349608
0.00651172
-0.0325991
0.00524679
-0.0189885
0.0489697
-0.0239658
0.0324142
0.0199208
-0.00946093
-0.0185995
-0.0276006
-0.0377061
-0.0185138
0.0124006
-0.0151163
0.0125149
0.00458819
-0.0326723
-0.000709019
0.00279738
0.0228544
-0.0068588
-0.0344631
0.0155072
-0.0092891
0.00977639
-0.0246256
-0.0137055
-0.0177472
-0.019562
-0.000368713
-0.00247949
-0.0207412
-0.00424595
-0.00201388
-0.00824422
0.0267609
0.000502567
-0.0311641
0.00795924
0.0258735
-0.00976287
0.0260667
0.0184716
-0.0245711
0.0225549
0.0189118
0.0140833
0.0175197
-0.00502728
-0.00686253
0.0128975
0.0215848
-0.00349523
0.0226157
-0.00933996
0.000435873
0.0212469
-0.0124481
-0.0274587
-0.0212118
0.0233944
-0.0014315
0.0121005
-0.004756
0.0114104
0.0102267
0.0135888
0.00603729
-0.0271017
-9.82912e-05
0.0307155
-0.0110298
-0.0126992
0.0238451
-0.0232365
-0.0189051
0.00523562
0.0245224
-0.0215366
-0.0113547
-0.0111791
0.0272502
-0.0237236
0.0222716
0.0102446
-0.0111948
-0.00405055
0.0119105
0.00424191
-0.0078233
0.00864408
-0.00594078
0.00834326
-0.00518799
0.0256092
0.00206622
-0.0174667
0.00936978
0.00825902
0.00747795
-0.0176349
-0.00551044
-0.0152243
0.00688726
-0.00302216
-0.0022736
0.0035378
-0.020889
0.0154327
0.0124983
-0.0115687
0.0110493
0.00987669
-0.00685575
-0.00118563
-0.00893741
0.00570992
-0.0150823
0.0174928
-0.00365538
0.00753153
-0.00507562
-0.0104678
-0.00961381
0.0299115
0.0185549
0.0248806
-0.0107283
-0.0127879
-0.00216558
2.7424e-05
0.0321044
-0.0294481
0.00317154
-0.0127904
0.00494747
0.01179
0.0166924
-0.0139899
-0.0181237
-0.00775061
0.019295
-0.0231321
0.0236982
-0.00788155
0.0212986
-0.00723339
-0.0151893
-0.0187667
-0.022329
-0.0134608
0.0189714
0.00976906
-3.1451e-05
-0.00104695
0.000513065
0.00348929
-0.0183683
0.00927383
-0.021516
-0.00932856
0.0174794
0.0243134
0.0390841
0.00210456
0.00454133
-0.010672
-0.00744362
-0.00113918
0.0184766
-0.00914666
0.0105249
0.00202942
0.0121656
0.0106137
0.014149
-0.00140819
-0.0188469
-0.0229908
0.0152678
-0.0222426
0.00850858
-0.00264692
-0.0240844
-0.00780904
-0.00321646
0.016458
0.0113096
0.00288901
0.00305449
0.0190024
-0.0110824
-0.0110247
-0.011222
0.0162436
0.0333759
-0.0164316
-0.0128975
0.0341023
0.000233665
0.0121331
-0.00550583
-0.0275124
0.00339306
-0.028945
-0.0137716
-0.00768265
0.00435316
-0.0192052
0.00746599
-0.0189799
-0.000689134
-0.0293463
-0.00660903
0.00145951
-0.00705102
0.0123498
-0.0182612
0.025925
-0.00994776
0.00276461
0.0155801
0.0137681
0.0238876
-0.0201049
0.0135334
0.0024914
0.00835769
0.0129624
0.00123025
0.0187663
0.0183114
0.0282931
-0.0135542
-0.014212
-0.0152988
-0.0198508
-9.50505e-05
0.00738241
-0.025353
-0.0235013
0.0252006
-0.0074598
-0.0162842
-0.00930731
0.02144
-0.00380257
-0.0228427
-0.0201741
-0.0191073
0.00334919
0.00805122
0.0181672
-0.00754187
0.0216077
0.0148546
0.00937123
-0.0222412
-0.0262487
0.0391914
0.00972894
0.0201022
0.0088582
0.0168972
0.00513722
0.0175047
0.00812632
0.02503
-0.00577031
0.0101308
0.0158811
-0.00253407
0.0100437
0.00258259
0.00932716
-0.0121476
-0.0194833
0.0141959
-0.00307793
0.000749762
-0.0359655
-0.0234013
0.00758186
-0.0339092
-0.00619678
0.00885108
0.0329296
-0.00604455
0.00823799
-0.0230046
-0.012492
0.0333333
0.0150996
0.00448679
0.00605726
0.0188212
0.00455288
0.00409822
-0.000301407
0.0164569
-0.00484564
-0.00442888
0.00512948
0.00962791
0.00978428
-0.0366124
0.0163268
0.0280228
0.0110514
-0.0124396
-0.0186833
-0.0182027
-0.0143917
0.00741071
-0.00965978
-0.032201
-0.0104354
-0.0264648
0.0125915
0.00682549
-0.0287435
0.0173173
0.034899
0.0441664
0.00377707
-0.000541977
0.00575999
-0.000529892
0.00969523
0.0294907
-0.0189025
-0.0180007
-0.0238661
0.0141272
-0.013511
0.0176614
0.00346088
0.0190306
0.00697702
0.0157377
-0.0132123
0.00615792
0.0124329
0.0128678
0.00660371
0.0184451
0.032061
-0.0202161
-0.0409673
0.00021859
0.0124796
-0.021359
-0.00254817
0.0056574
-0.0098964
0.0102699
0.0283143
-0.00643736
0.00367465
0.0319491
0.00253115
0.0174711
-0.021628
0.00215556
0.00853689
-0.00728197
-0.000214261
-0.0098459
-0.0311537
-0.0120743
0.0281659
0.00908789
-0.0216531
0.0240032
-0.00771313
-0.0157596
0.0195175
-0.0200055
0.00381503
0.0105135
0.0140182
-0.0190438
-0.015701
-0.00399867
0.00523219
-0.0164619
0.00484181
0.0292033
-0.000834452
0.0309038
0.0099326
0.0319339
0.0108835
0.000396948
-0.000691113
-0.0173846
0.00203113
-0.001084
-0.00315303
0.00877665
-0.0085665
0.00143907
0.0199135
0.0211928
-0.017585
-0.0195225
0.0258436
-0.0106638
-0.01382
-0.00143047
-0.0170268
-0.0243473
-0.0020074
-0.0154462
0.0107838
-0.0172308
0.00498607
-0.0157422
0.0225745
0.044767
-0.0153344
-0.0134662
0.0110486
0.0195683
0.0209579
0.00314325
0.0219948
-0.00672954
0.00375287
0.00551499
0.0174314
-0.0154045
0.0205642
0.0108964
0.0198353
0.00668577
-0.0356496
0.0202435
0.00354862
-0.0165471
0.000683545
0.00414741
0.00762384
-0.023319
0.0121174
-0.00983505
0.0066777
-0.0284088
-0.0118739
-0.0205795
0.0235515
0.0157356
0.000796058
0.0247338
-0.0160851
-0.00410203
-0.0167705
-0.0249041
0.0110044
0.0220076
-0.0120415
0.0305504
-0.0305178
0.00451987
0.010413
-0.0228594
0.00354163
0.0253117
0.0108311
-0.0282838
-0.00653095
-0.0092539
0.00808057
-0.0125652
-0.00196544
-0.00120531
-0.0130442
0.0215275
0.0215481
-0.000206578
-0.00211086
0.00477791
-0.0183744
0.0414066
0.00194133
-0.0329666
-0.00699065
0.018759
7.49339e-06
-0.011353
-0.00799151
0.021958
-0.018443
0.00356112
-0.00045632
0.0224444
0.0212689
-0.0247021
0.0251131
0.0106972
-0.00957489
-0.0162017
-0.0200062
-0.00854482
-0.00122196
-0.000175219
0.00541906
0.018598
0.0161009
-0.0265856
0.00479243
0.0304903
0.013296
0.0161716
0.00582146
0.00450496
0.0229949
-0.0288159
0.0248551
-0.0120436
-0.00996725
-0.00153568
0.0117877
-0.00804786
-0.035537
-0.0201283
-0.00772615
0.026162
-0.0123451
0.026354
0.00093804
0.00733365
-0.017306
0.00286649
-0.00700496
0.000812087
-0.0117308
-0.0241044
0.0015921
-0.0200778
-0.00663611
-0.0219389
-0.0226697
-0.0183893
0.0169864
0.0327007
-0.0179279
0.0370227
0.0294414
-0.0249012
0.0210501
-0.000143764
0.00349986
0.0133069
-0.00527808
-0.00922502
0.029558
0.0140238
-0.00157605
-0.021576
-0.000368814
0.00603497
0.0136587
0.0179858
0.00245632
-0.00162146
-0.0103998
-0.0122429
0.000901872
-8.0805e-06
0.00664385
0.0196433
0.00705053
0.0108202
-0.0149203
0.015677
-0.00393052
-0.00484054
0.0053754
0.0236892
-0.00892319
-0.00346241
0.0146279
0.0249679
0.0256697
-0.0173382
-0.020506
0.0191457
0.00818867
0.0183222
-0.00863393
-0.0205434
-0.00379546
0.0170507
0.0169064
-0.0111915
-0.0194896
0.0237491
-0.00407376
0.0149216
-0.00146046
0.0225015
0.0209503
-0.00837168
-0.0139238
0.0212093
0.027942
-0.0205517
-0.00686693
-0.00992004
0.0153659
0.0302829
0.0045159
-0.021437
-0.00244873
0.00853922
0.00231092
0.0133444
-0.00537786
0.0180686
-0.00690478
0.00974823
-0.0304891
0.00871136
0.00476285
0.0154969
-0.019052
0.028261
0.0260208
0.0102043
0.00614731
0.00429828
0.00743644
-0.00314284
0.0199344
-0.0184338
-0.00717325
0.0145356
-0.00986778
0.00989626
-0.0288705
0.0105313
-0.0150782
0.021926
0.0236397
0.00224312
0.0277743
-0.00444557
-0.0172376
-0.00195396
-0.0258835
-0.0161824
0.0181485
-0.00183394
-0.0256109
-0.00406538
-0.0135391
-0.00165373
-0.00440114
-0.0133123
-0.0108087
-0.0276512
0.00534087
0.0108131
-0.00276741
0.010618
0.024142
0.00544247
-0.0084845
-0.0272845
-0.0157536
0.000876222
0.009778
-0.00614863
0.0226566
0.0392386
0.0170349
0.0048643
-0.0211856
0.0237732
0.0279945
-0.0114882
-0.0137481
0.0123116
0.016156
0.0136456
-0.000621453
-0.0261194
0.0282345
0.00758331
-0.0119998
5.12362e-06
0.0165167
-0.0214927
0.0196154
-0.0125539
0.00998184
-0.00484375
-0.01333
-0.0354485
-0.00108933
-0.00880438
-0.00228067
0.0108633
0.00117485
-0.00870922
0.00339743
0.00759725
0.0147487
0.00242149
0.0268339
0.0202708
0.0018826
-0.00987599
0.00273567
-0.0185312
0.0150415
0.000109138
-0.00372544
0.0143146
-0.0234969
0.00322173
0.00844736
0.0289895
0.00108451
0.000256323
-0.00955889
-0.0178841
-0.0127113
-0.011105
-0.00134795
0.0133692
-0.0193884
0.011008
0.00858567
-0.0327871
0.0476223
0.0177112
-0.00601607
0.0437916
-0.00309128
-0.0188567
0.00265499
0.0162205
-0.00192502
0.0225975
-0.0280167
-0.0178441
0.0144864
0.00111511
0.0215632
0.023487
-0.0196741
0.00766008
0.0283057
0.0227261
-0.00153985
-0.00155903
0.0285602
0.00228115
0.0181129
-0.0167031
-0.00238698
-0.0206946
0.033356
-0.00643814
-0.00218836
0.0150155
0.0269324
-0.00749898
0.0130664
0.00539972
0.00328885
0.0123728
0.0260859
0.0139241
-0.0219801
-0.0158682
-0.025154
-0.0195261
-0.00748956
-0.010102
0.0181788
0.00194579
0.0188449
0.0226529
-0.0207748
-0.011277
-0.01031
-0.0216028
0.02397
0.0225316
-0.00585896
0.000593774
-0.0328782
-0.0173417
0.0118268
-0.0057284
0.00143621
0.00201237
0.0166024
-0.00356337
0.0116288
0.00745272
0.017822
0.000912667
-0.0260178
0.0307021
0.0189599
-0.00878179
0.0139149
-0.0279446
-0.0110889
0.00911285
0.00928998
-0.0229125
0.0150412
0.0107454
-0.00850241
-0.0172688
0.00335823
-0.00654617
0.0129229
-0.0304673
0.0244946
0.0173231
-0.00216392
0.000661288
-0.0140963
0.0118704
-0.0119212
0.00569966
0.0126057
-0.0286438
0.0165926
0.0261883
0.0147541
0.0266525
0.00515925
0.00395776
-0.0238438
-0.00796587
-0.00694865
-0.012251
-0.0256385
-0.0181284
1.71835e-05
-0.019862
-0.0271769
0.0276872
-0.0186497
0.0275927
-0.0105413
0.0138701
0.014427
-0.00725764
0.00410575
-0.00413891
0.028106
0.0063899
-0.0203014
0.00227467
0.00267889
0.0132406
-0.00973873
0.0111993
-0.000319039
0.00909731
0.00617968
0.0199364
0.0040813
0.0184309
-0.000786005
0.00438238
-0.0350001
0.000972077
-0.000373819
-0.00107061
-0.00303701
0.000215242
-0.00189606
0.0106614
-0.00262724
0.021439
0.00267198
-0.00606308
-0.0127575
-0.00840138
0.0310772
-0.0153312
0.0016573
0.0210142
-0.00656778
-0.00707699
0.0256137
0.0102291
0.0149585
-0.0174147
0.0153642
0.0161701
-0.0141445
0.0121779
0.0388375
0.00918693
0.0182702
-0.0195186
-0.0345493
-1.48255e-06
-0.00576661
0.0142384
0.0097332
-0.0169113
-0.00136385
-0.00411535
0.0202052
-0.0142646
0.00624703
-0.0332959
0.0150506
-0.00213285
-0.0214017
-0.00920233
-0.00981416
-0.00901833
-0.00960568
-0.00383916
-0.00816733
-0.0177424
0.00317817
-0.00535092
-0.00107189
0.0457188
0.0266428
-0.000505535
-0.00702075
0.0296419
0.0118168
0.00986038
-0.0253549
-0.015012
0.00251359
-0.0181433
-0.012724
0.0113388
-0.0029072
-0.0183616
0.015157
-0.0191386
-0.0149033
0.0123337
-0.006492
-0.0112902
0.0349361
0.0127041
0.0200698
-0.0102524
0.0246615
-0.0134071
0.0175567
-0.00390681
-0.00462518
-0.0138041
-0.0010018
0.016954
0.0195942
0.0227848
-0.00521966
0.0117097
-0.00779494
-0.00269873
-0.00102091
0.0192381
-0.00216237
-0.0121162
0.00177223
-0.020989
0.00256861
0.00800643
-0.0214117
0.019158
-0.00245528
-0.000467025
-0.0247692
-0.00409528
-0.0127621
-0.0244275
0.0188269
-0.0255179
-0.0197414
0.00686739
0.0182104
-0.00773656
0.0117461
-0.00562059
0.0259351
0.0389632
-0.00681941
-0.0209859
-0.00539044
0.0200229
0.0112931
-0.0135283
0.00663509
-0.0255232
0.00168269
-0.00994691
-0.0218668
0.0137118
0.0105003
-0.0105343
0.00411824
-0.00340694
0.0212928
0.016295
0.000805121
-0.0118831
0.01307
-0.016017
0.012708
-0.0235439
0.0174171
0.00115349
0.0124002
0.017894
0.00288473
0.00219135
0.00836313
0.0412358
0.00720456
0.0256093
0.0059882
-0.0160998
0.027161
-0.0194827
-0.0215483
-0.00606497
-0.0160377
-0.00293127
-0.0144259
-0.0191553
-0.00189434
0.0297648
-0.00950734
0.0134861
0.0178176
0.0117549
-0.0279988
0.00711703
-0.0199555
0.0100036
0.0145116
-0.0236322
-0.0209789
-0.00491087
0.0182303
0.0202448
0.019468
-0.012368
0.0245128
0.0194543
0.0334289
-0.0130551
0.00512887
0.0198417
-0.00113922
0.0205399
-0.0153404
0.00557242
0.0221259
0.00617651
0.017994
0.00418444
0.00585906
-0.0188607
0.00163595
0.00919788
-0.0142063
0.00580612
-0.0149541
-0.00514113
-0.0149936
0.00704968
-0.00534285
-0.0089751
0.0271169
0.0348868
8.01701e-06
0.0184179
-0.0153135
0.0259116
-0.0107599
0.046358
-0.00859856
0.0176755
0.0246324
-0.0118418
-0.00664814
0.026122
-0.030849
-0.00373966
0.000421313
0.0265644
0.0235375
-0.0236121
0.0230541
-0.00968343
-0.0115176
0.0263442
0.00328366
-0.00324523
-0.00714565
0.0111528
-0.0227936
-0.000647108
0.0220752
-0.0269338
-0.00461728
-0.0129334
0.0341195
0.00520902
0.00142925
-0.00857724
0.00929275
0.0155459
0.0181479
-0.0113809
0.0146696
0.0268919
-0.00740465
0.0295652
-0.0246214
0.0100779
0.00352652
-0.028911
0.0168801
-0.00688213
-0.00978704
-0.0199449
-0.000520659
0.0204583
-0.00850556
0.00743374
0.00713973
-0.00902701
-0.00860168
-0.0137281
0.0115805
0.0102494
0.00301179
0.00436106
-0.00543092
0.0060909
-0.00464861
0.00885224
-0.0239536
0.0123718
-0.0147312
0.0226802
-0.000125438
-0.00343998
-0.00705251
-0.0011897
-0.0219013
-0.0154918
-0.0130014
-0.0129814
0.00236703
0.0114439
-0.00140058
-0.0207997
-0.00109084
0.0264069
0.00380445
0.010541
0.010926
0.0212977
-0.0202243
-0.0255272
0.0108995
0.0100832
0.000960916
-0.0158551
0.00744996
-0.0204575
0.0118822
0.0158913
0.00310824
0.0076514
0.000693481
0.00339083
0.00429772
-0.0110506
-0.0107712
-0.0170412
-0.0155188
0.00477582
-0.00958854
0.0128843
-0.00695247
0.000511114
0.0208643
0.01274
0.00419923
0.00792145
0.00992962
-0.0154686
-0.00741724
-0.0205904
0.00242191
-0.0269214
-0.0142218
-0.024803
-0.0226107
0.0257805
-0.0066295
0.0218584
0.00216121
0.00690979
-0.0236411
0.00711205
-0.00570749
0.0170195
-0.0031903
0.0190939
0.0114466
0.00360578
-0.0131895
-0.0163136
-0.019239
0.013616
0.0109541
-0.0155911
0.0124954
-0.00253635
0.0126304
0.00889207
0.00494078
-0.0223258
0.0182688
0.0292728
-0.0170576
-0.0201562
-0.0199669
-0.0152717
-0.0286657
0.00567227
-0.00807548
0.0054933
-0.0140383
0.00298026
0.0142753
0.0458468
-0.0149204
-0.0230551
0.0141067
-0.0125339
0.00556919
-0.00538462
-0.018724
-0.0312847
0.0202789
-0.0113069
-0.0299095
0.00596821
0.0170183
-0.0195109
-0.00178332
-0.00402883
-0.0132548
-0.00454457
0.00763536
0.0161578
0.00274347
-0.00556996
-0.0373365
0.00227839
0.00158945
0.00185175
-0.00302833
-0.0302327
0.0117972
-0.0171337
0.0331176
0.0134112
-0.0242092
0.0158204
0.0194157
0.00984952
0.00390727
0.0195631
0.0121944
0.00905101
-0.0302424
-0.00454144
-0.0343808
0.0138883
0.000842583
0.0138942
-0.0397314
0.0237683
0.0134837
-0.0124635
0.00625413
0.00106281
-0.00104828
-0.00584066
-0.0044884
-0.00824816
-0.00654401
-0.0195199
0.0130215
-0.00331114
0.0191499
0.0103082
0.0322403
0.0210003
-0.0168926
-0.00780151
-0.00787908
0.024526
-0.00145755
-0.00537312
0.00271809
-0.00218331
-0.000416388
0.0163908
-0.0191267
0.00656186
0.00626556
-0.0149378
0.00107836
0.000236305
-0.00136336
0.0188079
0.0100492
-0.0187809
-0.0153573
-0.00904672
0.00253399
0.0157358
-0.00228537
0.0226123
-0.000562913
0.00803854
-0.0124987
-0.0113832
-0.0247393
0.0194496
0.0136347
-0.00330955
0.00154487
-0.0158623
1.40076e-06
0.0175135
0.00325154
-0.0224846
0.00378119
0.0201999
0.00440977
-0.0149555
-0.0163396
-0.0118392
0.00878335
0.0107967
0.0200307
-0.0131927
0.00347702
0.025972
0.00719871
-0.0252115
0.0144665
-0.0244323
0.0134311
-0.0119388
0.0104425
-0.0173531
0.00195086
0.0224412
0.0062241
0.0217308
-0.00405164
0.0125159
0.0179885
0.0295021
0.0213368
-0.00808954
0.0214238
-0.00830069
-0.0132852
0.00263577
0.0042281
-0.00772951
0.00885225
-0.0207133
0.0157034
0.0044562
-0.0132567
-0.00781428
-0.00924795
-0.0189918
-0.00290144
0.0160639
-0.00225293
-0.0130836
-0.0148559
0.0274361
0.0170261
0.0179939
0.0137546
-0.00920706
-0.00655689
0.0464566
-0.00626888
0.0183842
0.0230835
0.0289672
-0.0190576
0.00429105
-0.0205025
-0.0164928
0.0156963
0.0191292
-0.0054308
0.0114712
0.0203364
-0.0131464
0.0240095
-0.0057186
0.00168174
-0.024019
-0.0118211
0.0233291
-0.0226986
0.00745262
0.00718364
-0.0219682
-0.000187249
-0.0134963
0.0280364
-0.00925815
0.00171879
0.030966
0.00147971
0.0246524
0.0118818
0.00862935
-0.0101019
0.019128
0.00646923
0.0107869
0.0234225
-0.0134695
-0.00402396
-0.0138737
0.00816524
-0.0121063
-0.0116013
0.0187067
0.00658418
0.0279959
0.0176087
-0.0150388
0.0246089
-0.0290297
0.0133624
-0.00677176
-0.00315772
-0.011513
-0.00451425
-0.00884116
0.0015868
0.00801119
-0.0222465
0.011885
-0.0147321
0.0487524
0.0050736
0.000131638
0.0229583
-0.015162
-0.0180019
0.00833877
-0.00825102
-0.00163304
0.00702045
-0.0104053
0.00678092
-0.00540063
-0.0306341
0.012599
0.00263194
-0.0160077
0.00655373
-0.0145737
-0.0159492
-0.0056
-0.00220923
-0.00165855
0.00747283
-0.0275803
0.00484497
-0.0100781
0.0124258
-0.0394024
0.00627326
-0.0117621
0.0229718
0.0356654
0.0186044
-0.00340873
0.0144561
0.0241468
-0.00593238
0.00359493
-0.0128654
-0.0121289
0.0106015
-0.0121781
0.00250523
0.00318386
0.00299373
0.0187378
0.00877382
-0.00520182
-0.0184083
0.018899
0.00429824
0.0170284
-0.0105348
-0.0301148
-0.0202868
-0.0384717
-0.0160689
0.0192185
-0.020154
-0.0285563
0.0225948
0.0200559
0.0162149
0.0336752
0.00662655
0.00623403
0.00845489
-0.0192519
0.0111332
0.0258288
-0.0215636
-0.00197972
-0.0286496
0.0303119
-0.0237938
0.0116655
0.0145826
0.0185809
0.0258048
-0.0067239
0.00217391
-0.00533907
-0.020504
0.0203732
-0.00554937
-0.0165303
0.0208275
-0.00884007
-0.0261295
0.0135335
0.0155061
-0.0338738
0.0140424
0.010557
0.0167998
0.0284644
-0.00636034
-0.0209712
-0.00950518
-0.0144573
-0.0082262
0.0321754
-0.00155284
-0.014826
0.0283753
0.0111697
0.0105106
0.0193525
0.00921924
0.0202059
-0.0111981
0.00120431
-0.019594
0.00204904
-0.0150413
0.00259506
0.0248653
-0.0193482
0.000602446
0.0127158
0.0225601
-0.00668042
0.0267872
-0.00432504
0.017159
-0.00234553
-0.0188051
0.00875406
-0.0282395
0.0199733
0.000337581
-0.0203897
0.0127521
-0.0207664
-0.0179285
0.0210021
-0.0290911
-0.00842048
-0.00149523
0.01786
-0.0105219
-0.0146021
-0.0131282
0.0189613
-0.00500752
-0.0156361
-0.000460626
-0.0122883
-0.0160097
-0.014977
0.0223939
-0.029038
-0.00120751
0.0247976
0.024077
-0.0133043
-0.000156927
-0.00802599
0.00117342
0.0344307
-0.007958
-0.0343993
0.011992
-0.0159923
-0.0114084
0.00525889
0.0133587
-0.0214026
0.0163974
0.0112426
-0.0237368
-0.016609
0.011106
-0.00450082
0.00998919
-0.0110837
0.00926209
-0.00178954
-0.00751796
-0.03269
0.00811236
-0.0191119
-0.0175163
-0.0260447
-0.0128426
-0.0200838
0.0118525
0.0167641
-0.00929621
-0.0176705
-0.00678341
0.0284596
-0.0140445
-0.00754177
0.0159145
0.00354308
0.00262777
0.00809892
0.00601487
-0.00323867
-0.0139522
0.0275892
-0.00763044
0.0302945
-0.0143143
-4.5462e-05
-0.0208471
0.0306829
0.00939108
-0.00831223
0.0209254
-0.00910187
-0.00795933
-0.0217735
-0.0104746
0.00484328
-0.00831368
0.0158722
0.00989152
0.010666
-0.0178435
0.0273737
-0.0136978
0.017052
0.00718898
0.00763093
0.0139302
-0.00863551
0.00663042
0.0117675
-0.0108112
0.00657876
0.0012933
-0.0113383
0.000418539
0.00938277
-0.00261482
0.0062471
0.00955994
-0.0053532
-0.0326747
0.01622
-0.0153462
-0.00570547
0.0272224
-0.0121985
-0.00406946
-0.0193619
-0.0143384
0.0160944
-0.0146855
-0.00418166
0.0126199
-0.00911969
0.0232167
0.0130763
-0.00646987
0.00751922
-0.00104497
0.0219863
-0.0196639
0.0253899
-0.0229213
0.00883577
-0.0325461
-0.0111224
-0.00320769
-0.00253499
0.0110377
0.00386025
0.000206769
0.0193756
-0.0189114
0.0127823
-0.00299083
-0.0144107
-0.0128161
-0.0279378
0.00740993
0.00405772
0.00620878
0.00614525
-0.00924424
0.00997676
-0.00281413
0.0120586
-0.00707813
0.021109
-0.00613262
-0.00917501
-0.00976759
0.00380333
0.0074118
0.0181419
-0.0235995
-0.00128127
0.0290403
0.0263161
-0.0129413
0.00312456
-0.00408218
0.00292096
-0.000183167
0.0108704
0.00154627
-0.0133968
0.0195499
-0.021444
-0.0107528
-0.00460925
0.0218352
-0.0189602
-0.0191329
0.0169224
-0.0149325
-0.0167765
-0.00506451
-0.00409894
0.0216443
0.0392153
0.0101444
0.0209749
-0.00479221
-0.00872
0.001005
0.00077394
0.00329645
-0.00595879
-0.0258022
0.032877
-0.0125277
-0.00765728
0.0132055
0.0149843
0.0247036
0.000932756
-0.0227308
0.00375429
-0.000588585
0.00244509
-0.0242249
-0.00162647
0.0221155
-0.0180577
-0.0256022
0.0210776
-0.000665113
-7.80714e-05
-0.0131263
0.0287108
0.0131026
0.0476662
0.0193813
0.00462246
-0.0230479
0.00302363
-0.0133507
0.030413
0.00386449
-0.0139249
0.0350646
0.0141492
-0.00794362
0.00714732
0.0162149
-0.004348
-0.0187034
0.0286426
-0.0102456
0.0159447
0.00697674
0.00248842
-0.00767077
-0.0130516
0.0179507
-0.0161538
-0.0142541
-0.017775
0.0181075
-0.0118169
-0.0294448
-0.0132747
-0.0118054
0.0441264
0.021382
-0.00249884
-0.00258474
-0.0144981
-0.00560943
0.0294692
-0.0341489
-0.00909086
0.0114343
0.0121861
-0.036705
0.0104864
0.000964407
-0.0122363
0.00972003
0.0287559
-0.015134
-0.0278284
-0.0166587
-0.00469731
-0.00897088
-0.0196591
0.0065978
-0.0203125
-0.01221
-0.00266307
-0.000427452
-0.0124338
-0.0107781
0.0213059
-0.0104048
0.0327626
-0.00416304
0.000770235
0.0118792
0.0239898
0.00511312
0.0297513
-0.0208137
-0.00953674
0.0234031
-0.015096
-0.0175818
-0.0132642
-0.0027656
0.0120588
0.0218927
0.0109316
0.0186149
-0.00776249
0.00689776
-0.0174642
0.00178019
-0.0229851
0.00953197
0.00382507
0.00345955
-0.0148261
0.0314683
-0.00731908
-0.0238695
-0.0151864
0.0238863
0.0170248
0.00457909
0.0112642
-0.00906744
-0.0108839
-0.0103167
-0.00742898
-0.00527603
-0.0271318
-0.0148996
0.00473661
-0.0139296
0.0128166
-0.0150644
-0.0118559
-0.0196707
-0.0141458
0.00175511
0.00901567
-0.023501
0.0210719
0.0203295
0.0096841
0.0110748
-0.0105519
0.0151059
0.00178684
0.00727228
0.021887
0.0140158
-0.00842758
-0.0048571
0.01564
0.0163955
-0.0129852
0.00314068
0.0345893
-0.00217563
0.0233747
0.0196868
-0.00402968
-0.00734141
-0.0118752
-0.0123949
-0.000446985
-0.0107184
-0.013082
0.00708104
0.0133525
-0.0228675
0.0204286
3.87011e-05
0.019429
0.00235354
0.0220607
-0.00377739
-0.0106231
0.00123719
0.0177488
-0.00700393
-0.0153785
-0.0219992
-0.00567853
0.00240069
0.0355443
0.00780232
0.0215009
0.0257339
-0.0170772
-0.00109569
0.0162452
-0.00766786
0.0153738
0.00624767
0.0201499
-0.00149807
-0.0197521
-0.024727
0.0308648
0.0109345
-0.0202526
0.0199345
-0.0151506
-0.0302716
-0.00790284
-0.02008
-0.00661118
0.0136196
0.000304651
-0.0210445
0.0224617
0.0157947
-0.0200634
-0.00499669
-0.0193848
0.0248609
0.0486782
0.0200629
-0.00515686
-0.0206411
0.000678497
-0.00700944
0.00769473
-0.013263
-0.0239472
-0.00118427
0.0139787
-0.0122279
-0.00980039
0.00734559
0.0128478
-0.00627135
0.00992118
-0.0232127
0.00790263
0.0135409
-0.00734173
0.0115346
-0.00986932
0.0264883
0.0204345
-0.00970986
0.00839192
-0.0133611
-0.00284938
-0.00177318
0.0190571
0.00538717
0.0192411
-0.00923619
1.97941e-06
0.0227456
0.00780942
-0.0269115
0.0271127
0.00371309
-0.00664484
0.000960788
0.026439
0.0188572
-0.0158639
0.00611864
-0.0107354
-0.00185829
0.0201924
0.00786917
-0.0112982
-0.025586
0.00462185
-0.00498475
0.0277194
0.00662047
0.00790309
0.000247061
0.00604414
-0.010174
-0.0285293
0.00439774
0.00362116
0.00905938
0.0424298
-0.00948644
-0.00962636
0.0379542
0.047394
-0.115505
0.377968
0.0564765
0.0481486
0.0488103
0.366973
-0.0702568
0.251896
0.0606283
0.109596
0.0835477
0.293197
-0.14049
-0.00200674
0.361661
-0.0470369
0.095915
0.0982286
0.0677911
0.0516928
-0.0736432
-0.0250288
0.241964
0.025294
0.0454413
0.0537415
-0.0777845
0.0393183
0.168306
-0.180729
0.282043
-0.181559
0.0945001
0.24793
0.0410533
0.00100278
-0.0191274
0.0519101
-0.0765684
-0.048215
0.0693438
0.00987014
0.0781657
0.065501
0.0820837
0.0673883
0.0895812
0.10078
0.0658713
0.0439717
0.0619438
0.0856392
-0.0517875
-0.0436828
-0.0321875
0.0540088
0.0812937
0.349595
0.0658142
0.0408249
0.0268161
0.00983692
0.016133
0.202531
0.105072
0.0504601
0.218377
0.235496
0.242661
0.0506752
0.0379692
0.0876264
0.212709
0.20139
0.198744
0.0709103
0.103739
0.0831545
0.0533802
0.0599292
0.00539989
0.197678
-0.0164755
0.212807
0.151992
0.018951
0.0867009
-0.00772951
0.0142525
0.223736
0.0389722
0.0071834
-0.0365327
0.119289
0.0756871
0.0955208
0.227448
-0.0881321
0.211667
0.187812
0.0524547
0.207971
0.0206817
0.0664987
0.188077
0.0377721
0.254459
0.211634
0.2206
0.230535
0.0135726
0.238336
0.0215182
0.223809
0.232571
0.210803
0.0576956
0.0671909
0.072098
0.248748
0.21185
0.0666884
0.196291
0.00994479
0.208665
0.300109
-0.216737
0.0239087
-0.0758626
-0.0753124
0.0596141
0.070221
0.0208783
-0.0402876
0.267467
-0.0974835
0.0303319
0.0820775
0.0417943
-0.0484821
-0.078722
0.218212
-0.0375391
0.220902
-0.198642
0.0242011
-0.187187
0.0257704
-0.065326
0.22127
-0.0916928
-0.181331
-0.192887
0.063381
0.223748
0.000109988
0.100912
-0.0861867
-0.09518
-0.0909983
0.0368914
0.114784
0.0669346
0.0230201
0.249631
0.0742712
0.269371
0.234841
0.0552889
0.230317
0.0511051
0.0556691
0.0245678
0.0509106
-0.227194
0.0302501
-0.160841
0.00191706
0.0494226
0.0607396
0.240181
0.215802
0.237025
0.00967969
0.0601354
-0.0488652
-0.00264452
0.0437178
0.0589076
0.120952
-0.134548
-0.0242906
0.142215
-0.390733
-0.0866528
-0.0676338
-0.0317303
-0.430906
0.0963795
-0.245423
-0.0529672
-0.0378997
-0.0624419
-0.266242
0.147363
0.0837866
-0.374678
0.0786759
-0.0902217
-0.0901452
-0.0899019
-0.0283609
0.0452843
0.0778765
-0.256862
-0.0828804
-0.145079
-0.054685
0.0972286
0.0332569
-0.139955
0.169277
-0.282244
0.204553
-0.0719197
-0.249208
-0.0522695
-0.00927637
0.114729
-0.041526
0.107798
0.124621
-0.0297489
0.0671196
-0.0612302
-0.0505452
-0.0202621
-0.037788
-0.0806848
-0.0641468
-0.116532
-0.0393196
-0.0292729
-0.0673916
0.06646
0.128836
0.107628
-0.0905458
-0.0575915
-0.326395
-0.0596161
0.0197785
-0.0479955
-0.000148962
0.0365401
0.120169
0.150555
-0.103396
0.117048
0.0875178
0.14414
-0.09116
0.0339533
-0.0170255
0.109309
0.103167
0.16403
-0.0315748
0.207826
0.0214088
-0.0766944
0.0149199
0.0410155
0.124753
0.015054
0.15863
0.1321
-0.0251604
-0.0110245
0.0381528
-0.00937188
0.101849
0.0645954
0.00415914
-0.154773
0.194419
-0.0040968
0.193158
0.154231
-0.207786
0.143055
0.136812
-0.0206742
0.137465
0.0285966
0.0184601
0.135906
-0.00779867
0.127264
0.124986
0.134198
0.151023
0.00876365
0.134988
0.0537318
0.159563
0.157934
0.104565
0.0259568
0.00953425
0.0138889
0.166192
0.139353
-0.0531556
0.123796
0.00768866
-0.00979341
-0.018296
0.0448124
0.128951
0.0554639
0.0412645
0.18591
0.126098
0.187598
0.0616739
-0.032528
0.0680906
0.215361
0.163869
0.199911
0.138101
0.053328
0.0122111
0.0687992
0.002549
0.0469881
0.163577
0.0261747
0.157668
0.129181
-0.033406
0.0836227
0.00961418
0.0622209
0.141854
0.0120331
0.00303999
-0.0664539
0.0758581
0.101259
0.0923924
0.163969
-0.0783707
0.144938
0.123897
-0.0114362
0.1848
-0.0377318
0.0514411
0.171015
0.0378463
0.223094
0.187158
0.138897
0.146001
0.0653914
0.193057
0.0378177
0.174587
0.226606
0.183243
-0.0132524
-0.0123721
0.000535749
0.159808
0.18938
0.0540437
0.183055
0.0173127
0.181936
0.282155
-0.20375
0.0509834
-0.0258593
-0.156947
0.0486639
0.053206
0.0770196
-0.210548
0.232002
-0.0955178
0.0735818
0.041824
0.0393096
-0.0948307
0.0156997
0.213947
-0.163705
0.192438
-0.176339
0.0567548
-0.184569
0.0537753
0.00368244
0.2019
-0.132902
-0.15225
-0.202465
0.0421888
0.191547
0.0473749
0.0559595
0.01391
-0.136209
-0.0158637
0.0438925
0.026814
0.0491749
0.0193916
0.249656
0.080119
0.257514
0.23694
0.0557934
0.199177
0.0375176
0.0290989
0.0545952
0.054812
-0.230975
0.0435577
-0.1723
0.065135
0.0626425
0.0305137
0.274294
0.202496
0.228817
0.0277397
0.0541105
-0.1056
-0.00492637
0.0492599
-0.161948
-0.187371
0.231568
0.0339498
0.0484405
0.162543
0.0562159
-0.00431594
0.0428943
0.178989
-0.186535
0.167085
0.0495587
-0.00839692
0.032597
0.137356
0.0536875
-0.19473
0.154664
-0.163721
0.247842
0.0275756
0.213798
0.042747
0.0602097
-0.16731
0.184058
0.227584
0.228271
0.0068438
-0.160579
0.0355545
-0.0152202
0.0791561
0.1461
0.0688093
0.042994
-0.0139688
0.0573718
0.0140308
-0.156726
0.0437647
-0.138312
-0.165324
0.0430035
-0.189071
0.0732135
0.0357233
0.00868866
-0.00527474
0.19718
0.0226475
0.215959
0.0316527
0.0393838
0.0439127
-0.213553
-0.176559
-0.197686
0.0397656
0.0589769
0.186407
0.0525948
0.0108919
0.0171671
0.136431
-0.0757111
-0.0433517
0.17069
-0.384399
-0.0699661
-0.020392
-0.0831785
-0.413707
0.117507
-0.217353
-0.0600742
-0.0182782
-0.0516742
-0.261571
0.196105
0.0956021
-0.378808
0.0922142
-0.0810138
-0.0334732
-0.0851819
0.00108116
0.108119
0.12323
-0.221542
-0.052363
-0.121374
-0.074316
0.145188
0.0239369
-0.156627
0.176464
-0.260552
0.221003
-0.0606414
-0.304236
-0.0402452
0.0381067
0.0662995
-0.0529913
0.133039
0.158478
-0.0155023
0.107843
-0.0471714
-0.0566791
0.0179194
-0.0594491
-0.141972
-0.0302896
-0.113439
0.019319
-0.0262325
-0.0983284
0.145936
0.136731
0.126276
-0.0457516
-0.0409858
-0.351011
-0.100017
0.0199663
0.192358
0.275438
-0.134236
-0.0224071
-0.363406
0.373635
-0.0448962
-0.0585039
-0.11616
0.38024
0.151747
0.125872
-0.0365363
-0.025142
-0.0570579
0.169964
-0.325682
0.180019
0.33807
0.17391
-0.119431
-0.0894214
-0.207754
-0.137222
-0.227622
0.228275
0.107368
-0.139711
-0.131093
-0.0361061
0.109517
0.0212922
0.363997
-0.360799
0.133885
-0.376108
-0.0472146
0.592198
-0.115092
-0.124549
0.179603
-0.0430578
0.14021
0.0829954
-0.105493
0.208051
-0.0667068
-0.0794849
-0.0498807
-0.0481741
-0.135559
-0.0695415
-0.115191
-0.120358
-0.0658362
-0.102531
0.185877
0.186119
0.120979
-0.132446
-0.0837017
0.267697
-0.130993
0.0236881
0.184211
0.212253
-0.136834
0.103015
-0.0377631
-0.019669
0.109472
0.11359
0.105873
-0.0350852
0.215487
-0.055075
0.104676
0.123579
0.0962512
-0.0463952
-0.00778553
0.211512
-0.0268187
0.195344
-0.174087
0.0838308
-0.150389
0.0910127
0.0547582
0.195191
-0.0365018
-0.13373
-0.159129
0.108755
0.187522
0.0189304
0.0789198
-0.0112161
-0.016529
-0.0147386
0.0924088
0.025454
0.0904389
0.0985672
0.219267
0.130157
0.200542
0.180948
0.104706
0.204182
0.124658
0.12597
0.0931986
0.0998513
-0.154535
0.087383
-0.138851
0.0605607
0.0722091
0.0942654
0.218667
0.233436
0.221598
0.0687605
0.11308
-0.0116902
0.0886842
0.00117984
-0.00382777
-0.0244216
0.0584674
0.135373
0.1408
0.0236727
0.137938
0.12441
0.147976
0.0708214
0.0049651
0.0813487
0.135921
0.114827
0.135639
0.0673042
0.14172
-0.0206285
0.0190727
-0.0205553
0.0775457
0.14356
0.0670885
0.138645
0.116052
-0.0431102
0.0716152
0.070967
0.0788264
0.11054
0.0153731
0.0116075
-0.0522504
0.124792
0.0693512
0.116986
0.123755
-0.108807
0.161038
0.120998
-0.0240964
0.143263
-0.0247931
0.0250878
0.108937
0.0164122
0.133756
0.157053
0.119675
0.150446
0.0331745
0.142399
0.0636928
0.159383
0.130813
0.144974
-0.0125982
0.00208028
0.000622616
0.147009
0.120104
0.0297124
0.169671
0.0498967
0.0047999
0.0298579
0.0132687
0.161238
0.102258
-0.0123982
0.140745
0.152961
0.197825
0.00902621
0.0170601
0.102841
0.147018
0.178174
0.190827
0.0615455
0.15325
0.0258129
0.0450539
0.00655416
0.0253503
0.150217
0.0192896
0.146095
0.102902
-0.0304389
0.0799885
0.028184
0.028745
0.18729
0.0283026
0.0454844
-0.0710111
0.149298
0.0580067
0.156083
0.177806
-0.131885
0.16026
0.1673
0.0365496
0.151499
0.0391806
0.0237498
0.166273
0.0180763
0.182648
0.175538
0.170526
0.162084
0.0174888
0.199701
0.0376535
0.150082
0.164703
0.18021
-0.0067234
-0.0101668
-0.00673484
0.181398
0.135762
0.0618227
0.165703
0.0481762
-0.107421
-0.197006
0.131277
0.088434
0.279057
-0.230867
0.0838014
0.0770366
0.146052
-0.227988
-0.103899
-0.0537977
0.123058
0.0677186
0.127538
-0.06245
0.252602
-0.0927743
-0.234155
-0.12871
0.127215
0.103831
0.116295
0.153456
0.280487
-0.137821
-0.0489866
0.144617
0.144314
0.106037
-0.0312195
0.0212081
-0.279537
0.303872
-0.026678
0.294666
0.111305
-0.40955
0.0952444
0.136642
-0.13625
0.0760417
-0.124046
-0.0543449
0.124889
-0.105485
0.128646
0.135895
0.0893733
0.0777748
0.146414
0.0806854
0.0917371
0.156977
0.159867
0.092165
-0.118211
-0.129086
-0.0603254
0.149773
0.100483
-0.139922
0.131804
0.0347699
-0.0186556
-0.112078
0.108352
0.0730247
-0.0922499
0.309004
0.0887767
0.0851762
0.10441
0.365773
-0.110969
0.247117
0.0970169
0.0601012
0.108405
0.314345
-0.112726
-0.0719622
0.313702
-0.0710121
0.118931
0.102212
0.120923
0.0883529
-0.0310603
-0.0597244
0.236495
0.107094
0.126122
0.082913
-0.0769901
0.00745526
0.123025
-0.105928
0.290314
-0.138719
0.110641
0.177265
0.0548588
0.0180736
-0.076546
0.0889302
-0.119714
-0.103084
0.100077
-0.0853915
0.113866
0.0877178
0.100429
0.0674601
0.155525
0.102909
0.0953663
0.0985316
0.0907442
0.0959718
-0.0982881
-0.0735415
-0.0402968
0.0798149
0.0843041
0.287395
0.0907545
0.0286364
0.0735547
-0.0968412
0.0175022
0.0788706
-0.16882
0.45239
0.104186
0.117608
-0.00512721
0.483291
-0.0651721
0.216922
0.111216
0.0612284
0.0708987
0.303068
-0.241901
-0.0192972
0.491493
-0.0210572
0.0450121
0.0363337
0.0433854
0.0390056
-0.101234
0.0138563
0.301546
-0.0103315
0.00852467
0.0887334
-0.0523475
0.00299542
0.227168
-0.264838
0.285275
-0.231447
0.104278
0.359141
0.0875051
0.0614486
-0.0437053
0.0560606
-0.0381036
-0.0577119
0.0694222
-0.0305839
0.0989027
0.0576981
0.0423148
0.0607348
0.13013
0.101564
0.0753457
0.0360654
0.0704143
0.071655
-0.0631293
-0.028845
-0.061181
0.0715127
0.128075
0.409456
0.0541281
0.037605
-0.0205708
-0.0728362
0.0371511
0.126469
0.124531
-0.000847623
0.168201
0.133479
0.162396
0.017882
-0.0470657
0.0437684
0.158848
0.128857
0.150447
0.0392604
0.133222
-0.0241563
-0.0179057
-0.00714789
0.0351995
0.152388
0.04147
0.133428
0.157956
-0.0163569
0.0674789
0.0464158
0.0500504
0.09088
-0.025647
0.0346789
-0.0944095
0.138281
0.0612362
0.179679
0.112125
-0.144851
0.162206
0.151553
-0.0388126
0.158964
-0.0491389
-0.0204408
0.142885
-0.0104763
0.153831
0.181698
0.12855
0.145045
0.0855705
0.143961
0.0404058
0.167682
0.171523
0.139147
-0.0338462
-0.0248368
0.00810972
0.149198
0.1455
0.0330924
0.149306
0.00885797
-0.069717
-0.136592
0.105118
0.0468913
-0.0561859
0.287831
0.0726193
0.0169324
0.0663446
0.316905
-0.11537
0.194434
0.0533374
0.0943908
0.0710039
0.261089
-0.0620233
-0.0716191
0.294542
-0.105759
0.170282
0.0798091
0.128062
0.0429306
-0.0694967
-0.107759
0.200069
0.118022
0.122127
0.0632768
-0.104671
0.0147972
0.129243
-0.103067
0.244015
-0.0745844
0.0621997
0.134807
0.0830439
0.00375045
-0.0824851
0.0301608
-0.0982503
-0.0703319
0.0677567
-0.0405147
0.09084
0.0823245
0.0726996
0.0428733
0.161843
0.0887668
0.129805
0.048341
0.0446952
0.0804432
-0.13127
-0.115319
-0.0811288
0.0558519
0.0723765
0.275723
0.098331
0.0269609
-0.0321347
-0.130452
0.0735634
0.0788121
-0.0926669
0.351364
0.0990323
0.0688093
0.0503324
0.353827
-0.110724
0.219282
0.0961577
0.061507
0.076347
0.318455
-0.101226
-0.0722091
0.332962
-0.0569772
0.133419
0.063238
0.129355
0.0291547
-0.027585
-0.0820701
0.294281
0.103581
0.11357
0.0723424
-0.108249
0.0021439
0.152423
-0.149025
0.260657
-0.116406
0.0757715
0.250947
0.0871029
0.0186872
-0.078347
0.0794752
-0.103861
-0.0698215
0.0750638
-0.0525293
0.0687659
0.114116
0.0893175
0.0327815
0.0953794
0.105803
0.116336
0.0208724
0.0664442
0.077868
-0.0907019
-0.081732
-0.0632459
0.0840081
0.0688725
0.351389
0.11414
0.00426307
0.162421
0.199807
-0.142342
0.0438816
-0.0577016
-0.0478211
0.0550013
0.0648225
0.0415286
-0.0420516
0.223445
-0.0656359
0.0546559
0.0424561
0.0339607
-0.0693835
-0.0427643
0.201695
-0.0483663
0.229943
-0.149764
0.0472602
-0.166461
0.0468836
-0.0195407
0.195931
-0.0516016
-0.13151
-0.165673
0.0534967
0.196585
0.0213648
0.105568
-0.0440768
-0.0462885
-0.0188789
0.0685853
0.0750775
0.0475322
0.0124098
0.227584
0.0594748
0.215967
0.185008
0.0536947
0.170849
0.0595722
0.0722548
0.0610121
0.0529821
-0.137883
0.0363865
-0.144208
0.0443591
0.00695662
0.0627014
0.201755
0.214028
0.193227
0.0739476
0.0381482
-0.0529276
0.0363793
0.00080957
-0.057799
-0.206751
0.179026
0.133906
-0.00309457
0.21362
0.162884
0.0885268
0.193079
0.285717
-0.202022
0.258342
0.138699
0.120986
0.149368
0.322733
-0.0708049
-0.140008
0.222039
-0.113947
0.197649
0.144614
0.151823
0.117717
0.0398431
-0.188249
0.290065
0.10434
0.144292
0.152868
-0.134278
0.00786641
0.0150602
-0.0410718
0.28938
-0.0309982
0.124507
0.00062326
0.145857
0.0491131
-0.0925254
0.14053
-0.165956
-0.0895754
0.101605
-0.0701686
0.177761
0.153219
0.0865675
0.131074
0.221275
0.16663
0.126874
0.144538
0.118573
0.196983
-0.182502
-0.182339
-0.158463
0.170287
0.149187
0.244115
0.181109
0.0307823
-0.222181
-0.290337
0.259608
-0.0144374
0.142973
0.048175
-0.0411136
-0.0466815
0.0391491
0.0933929
-0.296118
0.119173
0.00467002
-0.0431638
-0.0264016
0.144476
0.173207
-0.234489
0.0808567
-0.204653
0.299226
0.0214649
0.302841
0.0235132
0.0968601
-0.266995
0.14554
0.250628
0.298186
-0.0233499
-0.195061
0.0118315
-0.114471
0.142411
0.0579306
0.152988
-0.00788764
-0.115262
-0.0231567
0.0147243
-0.207693
-0.0395388
-0.254976
-0.204517
0.0126199
-0.262126
-0.0254648
0.00505696
0.0252968
-0.0230534
0.30064
-0.000586227
0.258859
0.00350537
0.00240509
0.00811186
-0.246061
-0.307562
-0.227344
0.0235005
-0.00827552
0.100307
0.00411568
0.0288882
0.122819
0.196997
-0.195107
-0.00526425
0.00788163
-0.233918
0.0173718
0.0770454
0.0239484
-0.29315
0.23036
-0.145875
0.0129743
0.0286697
-0.0310698
-0.14452
0.00922437
0.19947
-0.20339
0.214855
-0.217445
0.00482146
-0.223587
0.0347458
-0.0218495
0.231653
-0.132414
-0.122746
-0.209459
0.0138822
0.213731
0.0249131
-0.0370566
0.0235831
-0.173213
0.0183867
-0.012836
-0.0789788
0.0219096
0.103421
0.170023
0.000926705
0.252436
0.214741
0.0637982
0.181336
-0.0415279
-0.0562305
0.0196124
0.00105739
-0.225911
0.0169964
-0.188624
0.0189488
-0.00218004
0.0223618
0.225657
0.23063
0.20291
-0.0127083
0.0182269
-0.235066
-0.00907109
0.028641
0.0323488
0.0162192
0.0546384
0.14404
0.128303
0.0352763
0.147611
0.17633
0.181309
0.0639694
-0.0429756
0.0756566
0.152553
0.130118
0.181504
0.10422
0.134713
-0.00525057
0.0587024
-0.00644645
0.0637659
0.187878
0.0517077
0.134944
0.11761
0.00756731
0.0876011
0.070255
0.0321052
0.137215
0.0109324
0.0138763
-0.0644352
0.135742
0.090223
0.137673
0.15114
-0.0725382
0.169173
0.169278
-0.0285484
0.177624
-0.0365196
0.0219697
0.142867
-0.0225142
0.189212
0.199318
0.154286
0.140427
0.0686846
0.155031
0.0184862
0.173064
0.20385
0.155597
-0.0340162
0.00714468
0.0147148
0.153507
0.177559
0.0768582
0.19743
0.0352461
-0.112441
-0.122353
0.144358
0.0589126
0.290706
-0.251742
0.0528212
0.0124556
0.11744
-0.256722
-0.0476498
-0.0538692
0.0627818
0.026425
0.113569
-0.156487
0.313124
-0.0792829
-0.262503
-0.0859414
0.1274
0.0819526
0.120223
0.131047
0.259509
-0.116912
-0.120901
0.115011
0.0832115
0.0786431
-0.0109651
0.0331977
-0.317328
0.325931
-0.112165
0.349531
0.0332108
-0.408502
0.109366
0.13903
-0.0970642
0.0608828
-0.0345265
-0.0183381
0.0836234
-0.0776502
0.107544
0.0509447
0.0801258
0.0486929
0.0865784
0.0372285
0.106311
0.116275
0.0836175
0.0628262
-0.0976056
-0.0819891
-0.0736094
0.0962909
0.0663863
-0.238151
0.057139
0.0398487
-0.0264449
-0.121235
0.135645
0.114427
-0.0682118
0.328775
0.104968
0.0492821
0.107716
0.387061
-0.139698
0.255187
0.103863
0.0604449
0.0752771
0.278707
-0.0789402
-0.0693061
0.334598
-0.0923704
0.136426
0.0969153
0.143475
0.0506803
-0.0472094
-0.0921701
0.265972
0.100291
0.115816
0.108396
-0.120823
0.000422971
0.130647
-0.0743536
0.298533
-0.0941507
0.0798685
0.221693
0.0481432
-0.0108234
-0.0833965
0.0730757
-0.120175
-0.127546
0.0424214
-0.0730568
0.0593582
0.125069
0.0662749
0.0510097
0.157313
0.0820477
0.135971
0.0966207
0.0835221
0.0727739
-0.112305
-0.135259
-0.106188
0.0700865
0.0889331
0.328612
0.0807932
0.00783171
-0.0205003
-0.0582125
0.0931491
0.0503983
-0.088027
0.325702
0.081298
0.0358338
0.0554595
0.316336
-0.0256479
0.226139
0.0771174
0.0696752
0.0489245
0.295245
-0.144378
-0.054011
0.332602
-0.0693576
0.0898056
0.0482139
0.0806271
0.0273221
-0.0712914
-0.0311683
0.216532
0.0917317
0.12995
0.0385473
-0.0348659
0.0469741
0.168118
-0.112374
0.227012
-0.159577
0.0677496
0.229728
0.0795209
0.0129312
-0.0152896
0.045586
-0.0537866
-0.0661957
0.0481933
-0.0290848
0.0579846
0.0561758
0.0621447
0.0301707
0.0993749
0.0663982
0.104103
0.038065
0.0232968
0.0685612
-0.0322445
-0.0395495
-0.0706944
0.0522503
0.0719179
0.274556
0.0963449
0.0474963
0.207403
0.287825
-0.231204
0.0233404
-0.0637389
-0.0859852
-0.00016949
0.0427776
0.0160892
-0.141547
0.293893
-0.139648
0.0316386
0.0319476
0.00601303
-0.0924353
-0.0600247
0.265306
-0.0500391
0.262711
-0.21626
0.00669792
-0.245166
0.00259916
-0.0180559
0.253861
-0.11531
-0.206968
-0.209009
0.0402629
0.213388
0.00300931
0.0828507
-0.0482891
-0.119745
-0.0347377
0.0254519
0.0352282
0.0376934
0.0469441
0.259244
0.0551312
0.293751
0.222839
0.050114
0.203308
0.0376365
-0.00606797
0.0457885
0.0755671
-0.261404
0.0424627
-0.184474
-0.0143955
0.0311334
0.0114959
0.261115
0.284146
0.243913
-0.0065786
0.0319961
-0.112618
0.0108866
0.0248523
0.0203896
-0.0509551
0.070905
0.0778446
-0.125702
0.308826
0.108754
0.0880056
0.0869593
0.365688
-0.0590778
0.221812
0.134898
0.0506801
0.0823033
0.309142
-0.127045
-0.0186496
0.355606
-0.0517175
0.117175
0.0588276
0.111054
0.0326005
-0.0650244
-0.0238191
0.273981
0.0880072
0.0981977
0.0886736
-0.0745033
0.0164457
0.203702
-0.1321
0.262601
-0.139322
0.0743603
0.254793
0.0460944
0.0366519
-0.0393282
0.0355121
-0.0438035
-0.0860485
0.0736368
-0.0233852
0.116379
0.0764825
0.0875402
0.0806692
0.146385
0.109189
0.0955942
0.0376459
0.0859864
0.111428
-0.0412487
-0.019822
-0.000411041
0.049166
0.104733
0.353411
0.111097
0.0193376
0.0895112
0.108141
-0.0456394
0.154484
0.0208979
0.20034
0.179657
0.174801
0.163532
0.199292
0.13373
0.0772481
0.167611
0.182956
0.168906
0.132423
-0.0234479
0.124666
0.169667
0.0783291
-0.0515425
0.134632
-0.0107901
0.101334
0.0425393
0.129747
0.100732
-0.0287266
-0.0566955
0.173239
0.0475827
0.0443472
0.0669511
0.00778672
0.0941556
-0.0395196
0.173956
0.155836
0.138975
0.108319
0.114905
0.190306
0.131465
0.0979318
0.163498
0.119225
0.166926
0.164813
0.151807
0.137895
-0.0568171
0.122341
-0.0175687
0.14266
0.0932702
0.157229
0.112258
0.124817
0.0989877
0.12939
0.147746
0.184575
0.117767
0.02506
0.273749
0.374859
-0.289839
0.035866
-0.0949015
0.0116938
0.0341428
0.087916
-0.00549213
-0.0645853
0.370378
-0.150151
0.025229
0.0765537
-0.00970729
-0.0853326
-0.0800105
0.291872
0.0078674
0.2852
-0.308814
0.0093864
-0.293969
0.0365927
-0.100278
0.348597
-0.144705
-0.3022
-0.265196
0.075799
0.255614
0.000246885
0.153694
-0.116527
-0.159989
-0.108936
0.0741159
0.224605
0.0168766
0.0157504
0.34043
0.0243823
0.358968
0.233683
0.0272886
0.320945
0.0421225
0.0221093
0.0232894
0.0722626
-0.328194
0.0142735
-0.272088
-0.0114818
-0.0120868
-0.00297267
0.361016
0.34255
0.282498
-0.0133693
0.0320746
-0.0180378
-0.0140699
0.0171836
-0.0235105
-0.0721877
0.0582294
0.0565803
0.0969103
3.74621e-05
0.0451013
0.0486911
0.0608495
0.0485452
-0.0306274
0.0714215
0.075383
0.0808234
0.0895698
0.0704362
0.0886864
-0.0292268
0.0106101
-0.0453711
0.0781384
0.06426
0.0388191
0.095967
0.0519435
-0.0822918
0.041786
0.0469505
0.0306771
0.0539772
-0.0387692
0.0489697
-0.0960199
0.0962879
0.0606398
0.0622566
0.0428202
-0.117021
0.0274098
0.0358982
-0.0143791
0.0235363
-0.037407
-0.00619522
0.0358573
-0.0286254
0.0770667
0.0846593
0.0605496
0.0261579
0.0777807
0.0546718
0.055788
0.0411279
0.0658752
0.0657028
-0.0649192
-0.0488448
-0.0576998
0.0610445
0.0360681
-0.00361364
0.0644534
0.0267609
0.0586285
0.046581
-0.00734456
0.187368
-0.0109058
0.21844
0.217047
0.134276
0.185281
0.238642
0.0460128
0.139147
0.176488
0.189508
0.188339
0.18712
0.0277004
0.0695936
0.19867
0.0518274
0.0367805
0.149609
-0.000679575
0.130633
0.100086
0.0380835
0.150523
-0.00930821
0.0414282
0.185765
0.0367207
0.00603729
0.0300165
0.0189797
0.147686
-0.019494
0.154866
0.12229
0.163882
0.0964203
0.0520123
0.192282
0.0149443
0.0160076
0.14241
0.097291
0.164252
0.17717
0.196831
0.152638
0.0404763
0.173596
0.033762
0.137226
0.165707
0.192874
0.0626914
0.0254776
0.0687528
0.160744
0.143949
0.208721
0.168673
0.00747795
0.0638308
0.106632
-0.0619597
0.164912
0.0490202
0.106184
0.187551
0.154985
0.166962
0.111956
0.0797337
0.0786844
0.210917
0.180475
0.208888
0.0648432
0.0596468
0.0913364
0.122011
0.0829504
-0.0596192
0.172873
-0.0730931
0.157803
0.117914
0.119041
0.0812673
-0.0801905
-0.0636456
0.183668
0.0646083
0.0321044
-0.0168379
0.0407652
0.0475693
0.0366385
0.215019
0.0243999
0.168264
0.129893
0.0842204
0.193572
0.0634371
0.115439
0.184408
0.107225
0.189585
0.147616
0.146592
0.169299
-0.0595371
0.18708
-0.0393716
0.162562
0.159262
0.191976
0.107235
0.0848105
0.0949305
0.15423
0.195884
0.110702
0.189334
0.0390841
-0.106439
-0.0548621
0.0609561
0.0625138
0.234322
-0.160739
0.0719978
0.0767379
0.0949671
-0.138035
-0.0527859
-0.0353349
0.0893659
0.0413706
0.0550303
-0.0737815
0.235686
-0.0550693
-0.163
-0.100343
0.04639
0.0994398
0.0926736
0.106377
0.210792
-0.0870494
-0.0398013
0.0720493
0.069781
0.0686643
-0.00640842
0.0333759
-0.265767
0.241652
-0.0542026
0.2717
0.0942029
-0.308519
0.0696864
0.117235
-0.0920344
0.0717958
-0.0715724
-0.0135118
0.0787042
-0.070841
0.0551326
0.0640178
0.0549495
0.0778638
0.0598992
0.0562891
0.0690241
0.103526
0.127102
0.0622602
-0.0521778
-0.0601407
-0.04232
0.128797
0.0576838
-0.130542
0.086138
0.00835769
0.0467089
0.0952089
-0.106613
-0.0442137
0.21712
-0.468587
-0.113117
-0.0636617
-0.137198
-0.519427
0.181433
-0.287597
-0.0969333
-0.0502623
-0.0848252
-0.373719
0.153757
0.123776
-0.4844
0.0897841
-0.198299
-0.0783329
-0.12707
-0.0303755
0.0710277
0.0963948
-0.281443
-0.0887942
-0.0663772
-0.10112
0.137928
0.0391914
-0.189324
0.211583
-0.313656
0.278239
-0.0584878
-0.294042
-0.0491784
0.0496411
0.0918889
-0.0502201
0.189995
0.140182
-0.0010656
0.084314
-0.0931294
-0.150218
-0.11276
-0.0450662
-0.136051
-0.138025
-0.178201
-0.0591407
-0.0521261
-0.155041
0.10442
0.136076
0.144134
-0.0597386
-0.0822722
-0.491365
-0.108267
0.0333333
0.0398991
0.0636982
-0.00205598
0.175783
0.106733
0.0129305
0.175244
0.195791
0.185103
0.0132018
0.0425311
0.079003
0.196112
0.159593
0.193713
0.0954566
0.137794
0.0355525
0.0100041
0.045795
-0.0105992
0.199898
-0.0327566
0.137108
0.125776
0.012858
0.0633988
-0.00537966
-0.0311409
0.212072
0.0839618
0.0441664
-0.063974
0.0994159
0.0621156
0.0967699
0.191286
-0.0924008
0.170433
0.13812
0.0470269
0.195122
0.0181748
0.0746586
0.202235
0.0764222
0.190461
0.191518
0.169406
0.196801
0.00722423
0.211917
0.0121865
0.194614
0.19944
0.154255
0.0365006
0.0465239
0.070996
0.15623
0.180897
0.0496487
0.153797
0.0102699
0.0415342
0.0176685
-0.0111414
0.172605
0.136343
-0.0467794
0.108018
0.153882
0.141396
-0.0989921
0.0555935
-0.00054434
0.0791116
0.118324
0.163579
0.00665149
0.131906
0.0618408
-0.0778619
0.00422714
0.0210429
0.130847
0.0023439
0.143877
0.145889
0.0230316
-0.030717
-0.0138102
-0.00598432
0.105353
0.0507625
0.0292033
-0.0969618
0.162769
-0.00296379
0.189766
0.158468
-0.164033
0.142871
0.13528
0.0336312
0.111751
0.0551508
0.0500007
0.118465
0.0225447
0.161807
0.11101
0.127017
0.133959
-0.00455853
0.10111
0.00149566
0.144524
0.0969254
0.0938327
0.067013
0.0357028
0.065444
0.117023
0.124025
-0.0657929
0.142016
0.044767
-0.0129217
0.0376895
0.0415195
0.18446
0.158873
-0.049344
0.180056
0.170158
0.17728
-0.0495855
0.0646038
0.0158466
0.175017
0.172023
0.17575
0.011962
0.14099
0.0779446
-0.0467943
0.0745306
0.0214354
0.171058
0.0267061
0.134906
0.176228
0.0452951
0.0338122
-0.004114
0.0116456
0.118063
0.0820206
0.0157356
-0.0982609
0.1708
0.0119656
0.152682
0.157524
-0.163411
0.190076
0.186546
0.0231378
0.209693
0.0228103
0.0628534
0.176889
0.0121014
0.173254
0.191748
0.188218
0.162574
-0.0146111
0.157413
0.0408809
0.144477
0.142099
0.158414
0.0579443
0.0819423
0.043997
0.184307
0.150304
-0.0214214
0.137497
0.0414066
0.0432219
-0.0175116
-0.00750799
0.163328
0.0209213
0.081543
0.172668
0.176441
0.139676
0.11969
-0.00666104
0.104941
0.18145
0.109386
0.18617
0.132346
0.00851678
0.00905441
0.0826295
0.030263
0.000689021
0.145025
0.0258905
0.161828
0.0971888
0.0203398
0.119359
0.0316816
0.0189923
0.159808
0.0478242
0.00450496
0.0183329
0.0143605
0.13488
0.00810359
0.133504
-0.00868549
0.174498
0.112792
0.0251484
0.117804
-0.0132618
0.0474295
0.13079
0.0582358
0.181996
0.188732
0.128381
0.13927
0.00682672
0.185465
-0.00253999
0.112564
0.165196
0.151385
0.0313255
0.0139911
0.0244811
0.150065
0.178472
0.124435
0.170409
0.0370227
0.0841511
0.0642194
-0.00629868
0.173476
0.0963196
0.0286742
0.198173
0.219918
0.214005
0.0128095
0.074537
0.0290381
0.184743
0.215726
0.200534
0.0564321
0.124157
0.0667662
-0.00743199
0.0675702
-0.00982509
0.207327
-0.0187969
0.201462
0.135782
0.0704488
0.0414897
-0.00731953
-0.0248417
0.166443
0.0795647
0.0236892
-0.057185
0.10008
0.0653079
0.128432
0.213366
-0.104671
0.192818
0.216055
0.0672396
0.218696
0.0710667
0.0575582
0.189927
0.112291
0.210647
0.187529
0.175774
0.218436
-0.0209529
0.198261
-0.00183766
0.211274
0.187726
0.178907
0.0777072
0.0850073
0.0994887
0.161913
0.182971
0.00995043
0.185342
0.0302829
0.155079
0.0988925
-0.0451084
-0.0648523
-0.294029
0.379268
-0.0107243
-0.00187268
-0.123652
0.396756
0.0958101
0.157784
-0.0215881
0.017151
-0.0692167
0.207953
-0.314923
0.178129
0.340656
0.113171
-0.109659
-0.101553
-0.0385662
-0.14154
-0.275173
0.183691
0.110276
-0.133604
-0.10652
-0.0186767
0.0274834
0.021926
0.374847
-0.351713
0.2118
-0.366091
-0.0456538
0.523402
-0.0599962
-0.108495
0.138883
-0.0510397
0.104045
0.0579873
-0.0642085
0.151908
-0.0426367
-0.0824436
-0.114356
-0.0267543
-0.0687458
-0.0284724
-0.0941751
-0.1179
-0.101899
-0.0726995
0.110402
0.127074
0.105188
-0.057912
-0.0150776
0.29542
-0.063324
0.0392386
0.246474
0.295147
-0.2553
0.0614752
-0.0382688
-0.0461215
0.0462985
0.100828
0.0461184
-0.0644693
0.286281
-0.142783
0.068113
0.0928995
0.0298242
-0.0955755
-0.0562685
0.239765
-0.0387948
0.261243
-0.230043
0.0308965
-0.235799
0.0102562
-0.0221156
0.278163
-0.111846
-0.228061
-0.227
0.0595766
0.221443
0.00759725
0.141418
-0.113319
-0.063507
-0.0772149
0.0854248
0.125509
0.063615
0.0265529
0.276144
0.0384427
0.279694
0.256838
0.0253074
0.270993
0.0677439
0.068256
0.052251
0.0748557
-0.262199
0.0428434
-0.221497
0.00143784
0.0207047
0.0734753
0.28412
0.305499
0.270532
0.0153989
0.0883549
-0.0315794
0.0144541
0.0437916
-0.0104871
-0.0342725
0.032271
0.167709
0.12861
0.00721969
0.134311
0.128998
0.194119
0.000125888
0.0262314
0.0492618
0.120911
0.146568
0.179848
0.0329278
0.137712
-0.0045718
0.0310743
0.0250508
0.0405522
0.143689
0.0355533
0.122967
0.182914
-0.0157219
0.0441121
0.069581
0.0613573
0.140994
0.0385322
0.00539972
-0.0867138
0.145446
0.0526525
0.165429
0.135823
-0.140043
0.141517
0.117797
0.00175718
0.114522
0.0297559
0.0251445
0.161264
0.0381684
0.144192
0.152455
0.136917
0.123439
0.0606812
0.164057
0.0248056
0.156972
0.136027
0.136863
0.031906
-0.00973837
-0.000922102
0.17646
0.166685
0.00637433
0.181798
0.00745272
-0.127341
-0.128215
0.140961
0.0938667
0.289226
-0.141134
0.130523
0.0598638
0.117244
-0.0810568
-0.161745
-0.0458773
0.125781
0.0631683
0.0702696
-0.0595726
0.261689
-0.135562
-0.101254
-0.170594
0.17463
0.108613
0.145879
0.116714
0.208037
-0.146507
-0.0172968
0.164128
0.150808
0.0229835
-0.0718302
0.0261883
-0.233976
0.332598
-0.044108
0.282761
0.0815029
-0.301091
0.136968
0.116078
-0.174466
0.0564742
-0.165527
-0.115197
0.0795574
-0.104627
0.049509
0.103253
0.0554007
0.0935873
0.185767
0.0525022
0.144047
0.110197
0.149477
0.112049
-0.18136
-0.159185
-0.138357
0.148561
0.103312
-0.0871682
0.123854
0.00909731
-0.110325
-0.117206
0.0937913
0.0966129
0.250785
-0.22727
0.0553841
0.0912615
0.0946329
-0.177512
-0.113734
-0.0505641
0.0859767
0.0447902
0.0921793
-0.0723756
0.274154
-0.104127
-0.204525
-0.0674155
0.152692
0.0980755
0.0863226
0.13026
0.226745
-0.156465
-0.0283849
0.127877
0.135981
0.0744663
-0.0242343
0.0161701
-0.298491
0.305586
-0.0636261
0.308259
0.0967423
-0.377614
0.0711926
0.132359
-0.13159
0.100959
-0.0943978
-0.0658831
0.0910254
-0.128392
0.115998
0.109221
0.0839636
0.0387581
0.123182
0.115497
0.0795618
0.134105
0.0970536
0.0846894
-0.0935383
-0.14309
-0.118599
0.122644
0.057618
-0.166692
0.121301
0.0457188
-0.0986973
-0.11637
0.122531
0.0761119
0.300452
-0.272685
0.0433332
0.063595
0.0716485
-0.300379
-0.0663771
-0.0437532
0.0656837
0.0643315
0.0814306
-0.156888
0.31202
-0.0660115
-0.241285
-0.0937336
0.151392
0.116461
0.109142
0.120547
0.262242
-0.115832
-0.0754694
0.117011
0.117404
0.03748
-0.0634649
0.016954
-0.287032
0.339654
-0.126029
0.355997
0.0503098
-0.411141
0.109781
0.163328
-0.122636
0.0561353
-0.0448441
-0.0703318
0.0979051
-0.0519406
0.0345636
0.0929255
0.0787137
0.0875015
0.0743791
0.0383307
0.103641
0.104536
0.124427
0.0670028
-0.110324
-0.0806453
-0.0555951
0.107147
0.0837373
-0.245931
0.0642266
0.0389632
-0.108437
-0.0954611
0.083123
0.100098
0.250181
-0.186997
0.119908
0.0877475
0.105336
-0.178206
-0.104425
-0.0398239
0.11261
0.0685251
0.128225
-0.0917632
0.288019
-0.0351636
-0.150836
-0.0731953
0.10842
0.0920433
0.108778
0.0988208
0.247099
-0.101071
-0.0651722
0.0944106
0.0778168
0.0696164
-0.0474084
0.0412358
-0.251028
0.306395
-0.0727233
0.268439
0.116852
-0.324202
0.114111
0.138582
-0.0800503
0.0917083
-0.0937109
-0.0711595
0.110901
-0.043812
0.108746
0.097155
0.109675
0.122447
0.0568619
0.103517
0.0645328
0.134714
0.0954026
0.0769597
-0.0815967
-0.095292
-0.0470892
0.144238
0.111571
-0.149018
0.104865
0.0194543
-0.112307
-0.151435
0.101485
0.113607
0.288478
-0.303661
0.0748263
0.0839231
0.163943
-0.283757
-0.078867
-0.0573866
0.091055
0.056344
0.0902545
-0.140337
0.299092
-0.131293
-0.324106
-0.106721
0.105636
0.131254
0.121471
0.0672927
0.328041
-0.111707
-0.0774814
0.162606
0.0944192
0.0641911
-0.0369465
0.046358
-0.357376
0.386395
-0.103539
0.3641
0.0291304
-0.440364
0.0996135
0.144803
-0.106456
0.102909
-0.0716655
-0.0799379
0.131366
-0.0980658
0.0830625
0.12633
0.0922548
0.0561534
0.0964389
0.075754
0.0786196
0.1535
0.154679
0.00735165
-0.0766501
-0.128939
-0.074723
0.133671
0.0428606
-0.262263
0.13913
0.0155459
-0.0320338
-0.0895421
0.131447
0.0967809
-0.0755736
0.312421
0.0554844
0.0946354
0.0834551
0.307735
-0.0750386
0.224696
0.0759493
0.0434304
0.0538772
0.301336
-0.0729534
-0.0688364
0.295093
-0.0744474
0.122817
0.0772877
0.145398
0.0656888
-0.0330321
-0.0573739
0.231112
0.117984
0.136604
0.0795131
-0.111394
0.0123718
0.132978
-0.0725732
0.234978
-0.102285
0.101083
0.190384
0.0537084
0.0159928
-0.0619143
0.0656702
-0.0838779
-0.0781901
0.0626287
-0.0921862
0.0695048
0.0962114
0.0869628
0.0837639
0.130534
0.0996481
0.127995
0.0487212
0.0652187
0.107355
-0.0757451
-0.0949265
-0.0624775
0.0720902
0.0982856
0.309126
0.0772315
0.0076514
0.0553423
-0.0351028
0.0430309
0.114406
-0.0361156
0.23108
0.199753
0.169083
0.168384
0.320412
-0.0671565
0.201937
0.190081
0.192894
0.211199
0.239826
-0.0149825
-0.0451554
0.217868
-0.0288587
0.0680916
0.185577
0.0416818
0.136287
0.0353485
-0.00022407
0.18809
0.055829
0.0779292
0.19298
-0.0440707
0.00711205
0.0825623
-0.0581157
0.212185
-0.0663176
0.215021
0.114827
0.173156
0.0782903
-0.00872673
0.174721
-0.0438663
-0.0448659
0.135853
0.0210418
0.233396
0.206426
0.176605
0.117389
0.131275
0.21627
0.0500864
0.173574
0.162527
0.206866
-0.0350035
-0.0387836
0.00675564
0.180548
0.170392
0.254147
0.208965
0.0458468
-0.0937534
-0.137586
0.0972581
0.0859001
0.233277
-0.148652
0.0789948
0.0709027
0.109514
-0.142275
-0.102202
-0.0152954
0.0991046
0.0355773
0.0650837
-0.0589458
0.207655
-0.1147
-0.149652
-0.075995
0.100901
0.0878664
0.0898961
0.0889499
0.238209
-0.123431
-0.0295678
0.084527
0.135818
0.0423824
-0.019912
0.0134112
-0.241497
0.242255
-0.0580845
0.295747
0.0859297
-0.245192
0.115444
0.136164
-0.117625
0.0739634
-0.0970328
-0.0347362
0.0834929
-0.0656732
0.0499015
0.101079
0.0899068
0.0297023
0.109038
0.0744872
0.0872662
0.105141
0.119573
0.0654299
-0.0610428
-0.131877
-0.0898201
0.121043
0.0745396
-0.114848
0.132564
0.0210003
0.0569201
0.070994
-0.0209002
0.176982
0.0450365
0.0754439
0.17799
0.171791
0.1793
0.126315
0.0329263
0.0887019
0.173967
0.135168
0.162281
0.085653
0.0407285
0.0885995
0.103084
0.068804
-0.0188216
0.152367
-0.0183338
0.139977
0.0923864
0.0675778
0.0834497
-0.00243122
-0.0443154
0.15229
0.0511137
0.0194496
0.0487222
0.0377262
0.07761
0.0148936
0.188849
0.0418388
0.176094
0.104953
0.098621
0.177277
0.066078
0.0560136
0.131962
0.0552179
0.187768
0.178323
0.165922
0.139144
0.0139035
0.192512
0.0150689
0.120801
0.153988
0.130313
0.0877429
0.0226461
0.090096
0.158912
0.175777
0.127649
0.184927
0.0217308
-0.183072
-0.174325
0.237924
0.0098256
0.121848
0.0784292
0.0206297
0.00606867
-0.000863943
0.0877252
-0.191673
0.112374
0.0156602
-0.0209941
0.017569
0.0826573
0.113132
-0.189649
0.0720655
-0.189375
0.200707
0.0278959
0.231724
0.0117115
0.0694057
-0.161891
0.115014
0.239416
0.246139
-0.0144757
-0.178703
0.0464566
-0.0827718
0.122379
0.121145
0.130661
-0.0238536
-0.0732401
0.00712833
0.0209581
-0.165724
0.0174016
-0.199177
-0.16082
0.0405166
-0.197409
0.0241369
-0.00206174
0.0110819
-0.00846717
0.218458
0.0341478
0.180194
0.0173265
0.00699895
-0.00504846
-0.174637
-0.206944
-0.148854
0.0107092
0.00883605
0.123687
0.00285152
0.0246524
0.0699655
0.199232
-0.12496
-0.038857
0.113241
-0.393037
-0.0340766
-0.0412823
-0.0775007
-0.465073
0.203882
-0.201664
-0.11497
-0.00988916
-0.078702
-0.240303
0.1739
0.133296
-0.344461
0.0809433
-0.117402
-0.00569342
-0.162948
-0.0288159
0.0716318
0.132912
-0.210182
-0.0853541
-0.156924
0.00988078
0.161909
0.0487524
-0.143913
0.196166
-0.253188
0.171062
-0.0947486
-0.261396
-0.0304696
0.0200689
0.120684
-0.0189554
0.20449
0.130962
-0.0743463
0.107042
-0.104999
-0.122181
-0.0350259
-0.0107544
-0.176633
-0.118128
-0.107997
0.00877385
-0.00930112
-0.102505
0.180908
0.150214
0.127244
-0.0634108
-0.0203743
-0.374831
-0.0311928
0.0356654
0.108234
0.105398
-0.0339488
0.201705
0.0213394
0.169716
0.168087
0.173097
0.151112
0.177714
0.103641
0.097166
0.197287
0.213627
0.167109
0.116438
0.00336295
0.112929
0.16896
0.0892021
-0.0400372
0.148603
-0.0307763
0.125139
0.011541
0.147747
0.0769375
-0.0377285
0.00829511
0.200864
0.101328
0.0336752
0.0700358
0.0235484
0.0949059
-0.0349934
0.22328
0.145165
0.151649
0.130949
0.0546701
0.235371
0.0870003
0.070248
0.189215
0.136673
0.202723
0.15311
0.152721
0.164102
-0.0555907
0.164191
-0.0158042
0.137192
0.158609
0.192268
0.0325007
0.130863
0.0868448
0.141878
0.18451
0.167986
0.191196
0.0284644
-0.131301
-0.150363
0.144748
0.0745208
0.314261
-0.264823
0.0862117
0.0820559
0.0994973
-0.281183
-0.0890408
-0.0546589
0.115594
0.0683618
0.039007
-0.161104
0.343252
-0.0865271
-0.303422
-0.098307
0.131792
0.0849969
0.104011
0.144367
0.279389
-0.131238
-0.0746137
0.18369
0.138956
0.0660619
-0.0273723
0.00875406
-0.337387
0.395418
-0.129588
0.365785
0.108751
-0.445987
0.108785
0.171079
-0.160825
0.0570373
-0.0898735
-0.0367512
0.114235
-0.117554
0.0329441
0.111545
0.063931
0.073066
0.15516
0.00775933
0.0977139
0.114732
0.162839
0.0729487
-0.0957151
-0.0929799
-0.0720059
0.106168
0.096788
-0.256505
0.118358
0.0344307
-0.0995381
-0.134271
0.110326
0.0505362
0.235697
-0.20328
0.144584
0.0789232
0.146584
-0.173037
-0.0934267
-0.0629932
0.127636
0.0707968
0.125158
-0.0785184
0.281454
-0.0801686
-0.203329
-0.0861339
0.100146
0.0961877
0.0866962
0.106616
0.22815
-0.14001
-0.0354135
0.105069
0.0940663
0.065991
-0.0358366
0.0284596
-0.279862
0.287509
-0.0499315
0.269756
0.0969379
-0.339164
0.156456
0.131792
-0.0964046
0.125966
-0.0743442
-0.0189264
0.111581
-0.0719091
0.0833817
0.166536
0.117955
0.0844383
0.101569
0.0852559
0.0791161
0.114923
0.126532
0.111261
-0.0672841
-0.0871542
-0.0709702
0.156859
0.046208
-0.140469
0.102356
0.017052
0.0277296
-0.00137527
0.0828618
0.0652221
-0.179611
0.462274
0.0631121
0.0610814
0.058809
0.46807
-0.0226374
0.249343
0.0679428
0.102539
0.0963928
0.298687
-0.211277
-0.0131334
0.453212
0.0157179
0.0778676
0.0291589
0.0939792
0.00608791
-0.13371
0.029836
0.232233
0.0412986
0.13131
0.0985442
-0.0373665
0.0130763
0.241214
-0.216538
0.29255
-0.20611
0.0339672
0.400945
0.0226371
-0.00359549
-0.00730773
0.0370886
-0.0236965
-0.0597192
0.0584788
-0.000434578
0.0981719
0.0988465
0.0356063
0.0747778
0.0714768
0.102282
0.0591529
-0.0163807
0.0288919
0.0742852
-0.030765
0.000806162
-0.0278101
0.0573448
0.0252258
0.434507
0.0540991
0.021109
-0.0126698
0.0264752
0.00682151
0.164336
0.116108
-0.0909579
0.149658
0.189068
0.202837
-0.049643
0.0386098
0.0404495
0.152999
0.162178
0.169362
0.0341884
0.135894
0.0448027
-0.0548426
0.0308364
-0.00670435
0.15927
-0.0147985
0.139699
0.14251
0.0344417
0.0233251
-0.0274309
0.00615434
0.151318
0.0800233
0.0392153
-0.109427
0.176045
0.0257987
0.147223
0.155534
-0.219301
0.197897
0.176992
0.0349947
0.209219
0.0391603
0.0650406
0.189835
0.0533659
0.186952
0.167543
0.122691
0.178031
-0.0132082
0.15334
-0.0157295
0.152258
0.215479
0.131725
0.0575357
0.0511043
0.0300944
0.2162
0.154799
-0.00621974
0.167484
0.0476662
0.258324
0.155424
-0.0701846
-0.123665
-0.338067
0.577801
0.0033098
-0.0425044
-0.00832392
0.528976
0.0970143
0.158755
0.0389995
-0.0369838
-0.0273739
0.288232
-0.393358
0.227028
0.508862
0.168965
-0.0198917
-0.158298
-0.0376756
-0.127958
-0.320643
0.172915
0.205184
-0.161144
-0.0274386
-0.0431021
0.0596156
0.0441264
0.492341
-0.379145
0.217179
-0.461401
0.0177674
0.758731
-0.0814805
-0.133942
0.242652
-0.0345072
0.0732945
0.0612753
-0.0341949
0.111737
0.0159861
-0.0964498
-0.0944234
0.0146354
-0.0172127
0.00852863
0.00025482
-0.19114
-0.146353
-0.0688358
0.0641729
0.140284
0.115926
-0.0766238
-0.0763128
0.422295
-0.0566298
0.0327626
0.0234124
-0.0249994
0.0146029
0.172642
0.0250658
0.210333
0.144851
0.115621
0.16125
0.190831
-0.0192258
0.109143
0.180748
0.144037
0.197865
0.181054
0.00556872
0.0225367
0.20163
-0.00348439
0.0418252
0.123164
0.0453315
0.14293
0.0673587
-0.0268661
0.180163
-0.0125078
0.00511407
0.141438
0.0176596
0.0170248
0.0473693
-0.00512605
0.115872
-0.0254571
0.174881
0.0497269
0.141816
0.0651
-0.0179046
0.139572
-0.0176707
-0.00925944
0.140219
-0.00921715
0.15862
0.143646
0.12817
0.170703
0.0536624
0.207183
0.0515206
0.144407
0.141245
0.174336
0.00824671
-0.0116132
-0.00207579
0.177448
0.145885
0.17451
0.174552
0.01564
0.257607
0.327657
-0.246083
0.0550755
-0.0836307
0.000264236
0.0762536
0.0708376
-0.0123094
-0.0850925
0.31615
-0.120428
0.0277055
0.060422
0.0173223
-0.106
-0.107376
0.309963
-0.0200104
0.265852
-0.267915
0.0406827
-0.244013
-0.0152612
-0.0877479
0.326083
-0.142435
-0.26842
-0.285608
0.04561
0.230213
0.0355443
0.167068
-0.0769188
-0.0924229
-0.129175
0.0598546
0.170686
0.0415804
0.0470996
0.298209
0.0327373
0.321335
0.218684
0.0264177
0.300683
0.0270668
-0.0264391
0.051047
0.0258012
-0.302678
0.00582827
-0.250812
-0.00864243
0.00879078
0.00245982
0.275905
0.334249
0.290106
-0.0193336
0.0358032
-0.0720869
0.000999652
0.0486782
0.0305539
-0.0144572
-0.0293929
0.0936335
0.0251001
0.113429
0.0884087
0.0680409
0.0640998
0.13623
-0.00686149
0.0644404
0.134129
0.127917
0.122257
0.0926126
-0.00818198
-0.00301094
0.112528
-0.03336
0.022955
0.0909084
0.0313642
0.140068
0.019976
-0.0151893
0.062537
-0.0241377
-0.00226698
0.109562
-0.0128969
0.0192411
-0.0221721
0.00108276
0.103793
0.0358457
0.0756617
0.0439434
0.0871886
0.0693645
0.00549069
0.106798
0.0225528
-0.0190206
0.119363
0.00842337
0.123626
0.122386
0.110863
0.0633418
-0.0271292
0.105441
-0.00472715
0.127137
0.0883954
0.139016
-0.00200128
-0.00697328
-0.0227656
0.0532636
0.0887767
0.0804745
0.0946032
0.0424298
0.301057
0.261672
0.275325
0.269978
0.0557144
0.359965
0.0218884
0.288238
0.333772
-0.0193176
0.0123766
0.310756
0.0394156
0.3236
0.139214
-0.0510575
0.297701
0.285015
-0.0217711
-0.0269045
0.349655
0.0293146
-0.0225879
0.331521
-0.115741
-0.0277191
0.00961458
-0.0126324
0.314823
-0.0024049
-0.314467
0.0393183
-0.208721
-0.255254
0.349627
0.312049
0.28008
0.111897
0.023452
-0.288666
0.306053
0.0195619
-0.0146056
0.0462225
0.0699124
0.0351123
-0.0335556
0.287899
0.0555993
-0.251458
0.306158
-0.267303
-0.00671913
0.00519444
0.00873356
0.0697922
0.337637
0.240079
-0.26086
-0.000298141
0.26232
0.311143
-0.333169
0.0408249
0.172755
0.355056
0.35709
0.185707
0.0575609
0.411218
0.00626961
0.361921
0.420419
0.0242846
0.174021
0.342136
0.0295597
0.376648
-0.189098
-0.232405
0.351705
0.209098
0.0420929
-0.00217189
0.409035
0.00844883
-0.0103749
0.356721
-0.0380186
-0.0167747
0.00898234
0.0122771
0.39955
0.0282214
-0.37865
0.0071834
-0.113328
-0.346117
0.385936
0.372792
0.286822
-0.153435
0.0115933
-0.378557
0.385071
0.0581533
-0.00761169
0.0834437
0.00744564
0.00939464
0.0543686
0.380031
0.110588
-0.288787
0.370595
-0.353079
0.0488974
0.0366126
0.0336851
-0.00520256
0.22461
0.376388
-0.358092
0.0171201
0.326113
0.378399
-0.399326
0.00994479
-0.133042
-0.301172
-0.342047
-0.140403
-0.0108879
-0.380722
0.015501
-0.269443
-0.388355
0.0418903
-0.161885
-0.280786
0.0110249
-0.339848
0.197221
0.248082
-0.320393
-0.145508
0.0234913
0.00896552
-0.312784
-0.0372738
0.0897065
-0.28669
0.105922
0.059412
-0.0315311
0.0349643
-0.311089
-0.00142119
0.345477
0.000109988
0.0646088
0.318721
-0.407039
-0.362554
-0.214219
0.139313
0.0172204
0.370639
-0.320575
-0.0288024
0.0403359
0.0218737
0.0411844
-0.0348705
0.0575543
-0.325169
-0.0657692
0.300405
-0.320065
0.322674
0.0978768
-0.0373885
0.0711037
0.0660118
-0.175799
-0.296924
0.401426
-0.0152592
-0.261302
-0.338936
0.325422
0.0437178
-0.118989
0.0321696
-0.014163
-0.0946651
0.304864
0.0108207
0.27728
-0.00253043
0.0357238
-0.284182
-0.167106
0.0447409
0.358056
0.0631874
0.0882315
0.162908
0.0393974
-0.0932565
-0.264492
0.307754
-0.00891594
0.298865
0.311875
0.0243445
0.166654
0.300665
0.285617
-0.268687
-0.00915847
0.309143
0.00316733
0.0332569
0.207966
0.0298747
-0.00381823
0.0148634
-0.0673414
0.118264
0.296807
-0.0115182
0.0601362
0.270061
0.264387
0.297527
0.332695
0.278394
0.285664
0.0259851
0.322344
0.0369978
0.0286006
-0.00424274
0.277917
0.329987
0.295995
0.319497
-0.141586
0.0553251
0.0408566
0.304271
0.0363151
0.0613513
0.0365439
0.0197785
-0.697954
-0.102299
-0.147671
-0.672696
0.113482
-0.195531
0.146263
-0.182885
-0.129722
-0.0907222
0.442345
-0.140952
0.162893
-0.177615
-0.544675
-0.342224
-0.102787
-0.612525
-0.080398
0.179873
-0.207684
0.144213
0.165329
-0.0980522
0.506738
0.168384
0.105427
-0.158809
-0.189245
0.175973
0.193177
0.00415914
0.584048
0.132508
-0.210848
-0.13432
-0.495801
-0.565103
0.177703
0.204193
-0.0961948
0.145284
0.177187
0.13906
0.176035
0.142657
0.202442
-0.163425
0.129136
0.159294
-0.148241
0.166647
0.139952
0.166891
0.144712
0.15442
-0.723311
-0.120821
0.218632
0.215815
-0.10473
-0.0701185
0.166147
0.00768866
0.63262
-0.133617
-0.138915
0.654757
0.10433
-0.154355
0.0952248
-0.0162897
-0.0365985
-0.163849
-0.810711
-0.0685161
0.0629432
-0.0306193
1.20836
0.739424
-0.0463442
0.624525
-0.0524336
0.161855
0.0160559
0.09516
0.236568
-0.152631
-0.363044
0.080458
0.15964
-0.0664831
-0.085255
0.0775431
0.191575
0.00303999
-0.405121
0.133107
-0.127514
-0.0835363
0.393771
1.30398
0.0330259
0.0986349
-0.147878
0.0744945
0.132994
0.185886
0.0273557
0.170423
0.142895
-0.0578278
0.11017
0.153696
-0.121151
0.119539
0.171662
0.125753
0.29578
0.0559424
0.783913
-0.152986
0.128694
0.108334
-0.155659
-0.187813
0.126764
0.0173127
-0.0634928
0.0350177
0.0116743
-0.0367906
0.279992
-0.00842849
0.316651
0.0210822
-0.0113058
-0.303721
-0.173076
0.0376142
0.336016
0.00997866
0.224946
0.182908
0.0756846
-0.0678943
-0.268055
0.305138
0.0325269
0.318809
0.338942
0.0512872
0.148418
0.300578
0.309996
-0.244114
0.0417289
0.310469
0.0262593
0.0473749
0.200447
0.0223721
0.0109592
0.0109503
-0.0441874
0.213827
0.315137
0.00200665
0.0365445
0.291341
0.382994
0.328761
0.285787
0.267717
0.315681
0.0172891
0.301662
-0.00137605
-0.00558695
0.0361158
0.313123
0.351002
0.3528
0.325599
0.00516828
-0.0121501
0.0135328
0.334587
0.0367933
0.0307068
0.0151628
0.0492599
-0.0880833
0.0275029
0.0625844
-0.0737983
0.248025
0.0667364
0.324938
0.0398891
0.0328399
-0.243524
-0.153096
0.0571008
0.311302
0.0438101
0.125627
0.143323
0.057857
-0.0876985
-0.248144
0.326961
0.0537716
0.29564
0.303808
0.0544113
0.141575
0.323706
0.301331
-0.242047
0.0110938
0.277655
-0.012371
0.0355545
0.139396
0.0115557
0.0373191
0.0508149
-0.0265845
0.125111
0.331675
-0.0264156
0.0756532
0.308084
0.34611
0.31947
0.307619
0.271715
0.324376
0.0502294
0.292246
-0.0222014
0.0232503
-0.0131635
0.304465
0.305329
0.327334
0.285205
-0.101854
0.0767276
-0.031839
0.318847
0.050597
0.0651507
-0.0261559
0.0108919
-0.156789
0.050082
0.0107769
-0.12685
0.305721
-0.0324443
0.315403
0.0268082
-0.0420755
-0.267245
-0.106719
0.0212003
0.333547
0.00838498
0.088977
0.189858
-0.00899302
-0.11207
-0.315037
0.333922
-0.0022802
0.305291
0.324456
0.0336629
0.204084
0.335861
0.326089
-0.279226
-0.0467484
0.281832
0.0934761
0.0239369
0.248267
0.0392011
-0.0380703
-0.0201816
-0.116799
0.0879501
0.345194
0.0566459
0.0131656
0.25107
0.354645
0.368647
0.32902
0.296308
0.30907
-0.0426631
0.261217
0.015364
-0.017161
0.032497
0.317656
0.345012
0.321018
0.312222
-0.15854
-0.00436592
0.0323104
0.384658
0.0089442
0.00250851
0.062092
0.0199663
0.619474
-0.151581
-0.182757
0.669725
0.185049
-0.160785
0.142758
-0.0813566
-0.103384
-0.197435
-0.868163
-0.12737
0.297697
-0.105521
1.36277
0.794502
-0.00579802
0.621316
-0.177998
0.15972
-0.060641
0.103724
0.0628723
-0.172771
-0.31506
0.167497
0.173615
-0.128082
-0.130637
0.140974
0.196178
0.0212922
-0.40299
0.174742
-0.148413
-0.124005
0.433179
1.28192
0.0875126
0.205298
-0.18627
0.129687
0.147441
0.0628963
0.246893
0.150871
0.108806
-0.128929
0.190437
0.202414
-0.0719263
0.166352
0.139868
0.13037
0.117048
0.0769529
0.772119
-0.150493
0.127451
0.189046
-0.207481
-0.19269
0.133743
0.0236881
0.129941
0.325283
0.374032
0.145638
0.043934
0.429782
0.0195567
0.327938
0.38535
0.051526
0.208468
0.30571
0.00597237
0.36086
-0.258389
-0.206839
0.311633
0.170173
0.012916
0.0124743
0.348805
0.015404
0.0307182
0.340505
-0.0431215
0.00238571
0.039174
-0.00523512
0.419386
0.0150834
-0.364662
0.0189304
-0.067547
-0.31603
0.415645
0.382548
0.221718
-0.250446
0.0128126
-0.323517
0.372168
0.0712709
0.057374
0.0119344
-0.00685338
0.0519478
0.0263188
0.41202
0.0617615
-0.272399
0.371521
-0.323297
0.0381527
0.00257768
0.0155229
0.0301457
0.110728
0.376758
-0.362925
0.0591859
0.365463
0.384844
-0.369947
0.00117984
0.370208
-0.15185
-0.15688
0.378912
0.160731
-0.134703
0.157462
-0.0804229
-0.169064
-0.159481
-0.622482
-0.127464
0.220058
-0.157405
0.758162
0.669148
-0.156458
0.345204
-0.166665
0.14093
-0.14175
0.141252
0.128569
-0.142811
-0.231248
0.152975
0.222219
-0.0714766
-0.182793
0.190553
0.23779
0.0116075
-0.284647
0.192188
-0.16659
-0.182099
0.245077
0.758433
0.15592
0.159573
-0.159671
0.160385
0.164511
0.176486
0.192798
0.18492
0.150339
-0.129377
0.063213
0.185376
-0.181565
0.166574
0.192778
0.174392
0.106712
0.136749
0.418226
-0.118246
0.169423
0.166123
-0.188474
-0.171668
0.235515
0.0498967
-0.0759859
0.0401107
0.0162939
-0.0225598
0.301373
-0.0123625
0.270279
0.0225487
0.015235
-0.27881
-0.217194
0.0795663
0.318091
0.049848
0.264168
0.181364
0.0401287
-0.0419766
-0.247799
0.339724
-0.017783
0.333497
0.359148
-0.00334886
0.142484
0.294344
0.342874
-0.260605
0.00947848
0.366107
0.0264556
0.0454844
0.19076
0.0244522
0.0201922
0.0536713
-0.0222648
0.238279
0.272564
0.065095
0.0468547
0.289532
0.344549
0.328277
0.326393
0.304352
0.362018
-0.00471643
0.268446
0.0171119
-0.00629909
0.0339035
0.316047
0.343906
0.325175
0.309038
-0.0717805
0.00272472
0.00204767
0.347518
0.0251401
0.0263627
0.019107
0.0481762
-0.0668011
0.0320852
0.0556404
-0.0582215
0.308122
0.0430821
0.284358
0.0643047
0.0732888
-0.295318
-0.117561
0.0488977
0.29942
0.063812
0.229486
0.146997
0.0309298
-0.0695569
-0.284552
0.26141
0.0666996
0.311002
0.327239
0.058832
0.153772
0.285134
0.303273
-0.23681
0.0650955
0.313938
0.0130836
0.0212081
0.167845
0.0270421
0.0586745
0.0427523
-0.00492563
0.161441
0.270479
0.0290744
0.0382232
0.25606
0.299918
0.307076
0.291523
0.278658
0.35418
0.069811
0.272514
-0.0194081
0.0961452
-0.0468801
0.32025
0.342018
0.322741
0.278806
-0.0786827
0.0302464
-0.0072695
0.290138
0.0672207
0.0663791
-0.0126814
0.0347699
-0.0937897
0.00362401
0.028232
-0.0627763
0.289718
0.00175349
0.308847
0.028501
-0.0318798
-0.255771
-0.130198
0.0288361
0.332475
-0.0166461
0.203028
0.199061
0.0185014
-0.0871172
-0.274044
0.361413
0.0156778
0.321722
0.370513
0.0381711
0.22273
0.328337
0.290793
-0.268019
0.0260704
0.32845
0.0444338
0.00745526
0.131192
0.0401062
0.0522638
0.0134662
-0.0526718
0.16726
0.294107
0.0194095
-0.0159334
0.309942
0.345467
0.270907
0.363752
0.261599
0.348048
-0.0283445
0.311564
0.0360744
0.0491004
0.0204498
0.365235
0.335193
0.340761
0.320101
-0.0912195
0.0242207
0.0816856
0.309023
0.0235484
0.0104347
0.039252
0.0286364
0.524154
-0.181796
-0.168993
0.517429
0.134894
-0.19358
0.168756
-0.0772086
-0.132606
-0.218106
-0.757115
-0.177207
0.251529
-0.117339
0.882786
0.713661
-0.164566
0.490833
-0.150757
0.15583
-0.0973092
0.117709
0.216931
-0.137195
-0.21519
0.179836
0.199805
-0.130011
-0.199433
0.158826
0.210094
0.00299542
-0.403826
0.187907
-0.134298
-0.132637
0.313582
0.918227
0.172512
0.138285
-0.135929
0.129063
0.244568
0.0881937
0.246086
0.137844
0.139334
-0.150024
0.074322
0.201688
-0.116076
0.214209
0.191639
0.155675
0.205069
0.145431
0.523688
-0.175855
0.186391
0.182174
-0.178283
-0.178821
0.164414
0.037605
-0.712071
-0.0904575
-0.131776
-0.698439
0.121987
-0.135733
0.196853
-0.149013
-0.163305
-0.0374073
0.426709
-0.141912
0.181664
-0.114067
-0.616001
-0.313164
-0.233188
-0.663195
-0.100415
0.165829
-0.169761
0.148406
0.118475
-0.133644
0.518504
0.225348
0.135091
-0.101111
-0.173758
0.168343
0.164399
0.0346789
0.651226
0.109607
-0.144827
-0.108374
-0.554582
-0.577349
0.213253
0.207515
-0.123896
0.114684
0.122309
0.126354
0.174535
0.182053
0.130355
-0.0945878
0.0510041
0.139597
-0.144834
0.164056
0.191054
0.154905
0.134915
0.133312
-0.768071
-0.0776116
0.179739
0.119603
-0.0909904
-0.0481705
0.19955
0.00885797
0.18214
0.310649
0.317511
0.157418
0.0522582
0.380963
0.0167508
0.324605
0.346907
-0.039219
0.12953
0.289519
0.0445796
0.375154
-0.131949
-0.162906
0.348933
0.202926
0.00440431
0.042997
0.352881
0.0289833
0.0346849
0.293485
-0.10114
-0.0170512
0.0208159
0.0210807
0.337957
0.0709851
-0.347445
0.0147972
-0.103232
-0.294372
0.38512
0.368606
0.247195
-0.0840371
0.0416912
-0.356397
0.317871
0.0867412
0.0291354
0.0471072
0.0716782
0.0596323
0.0502951
0.389889
0.101333
-0.290546
0.365811
-0.381656
0.00754668
0.00886572
0.0323576
0.0129879
0.182288
0.314076
-0.357198
0.030699
0.333028
0.366308
-0.327984
0.0269609
0.662856
-0.126488
-0.179203
0.62216
0.127613
-0.0853712
0.132974
-0.094151
-0.0638132
-0.217019
-0.855711
-0.159223
0.146767
-0.127719
1.21471
0.753648
-0.0149888
0.593023
-0.104432
0.079398
-0.0586661
0.18541
0.178644
-0.114826
-0.351097
0.0724434
0.213351
-0.0219831
-0.055659
0.114273
0.101584
0.0021439
-0.465383
0.164585
-0.134644
-0.0775466
0.36284
1.21769
0.108102
0.118143
-0.11666
0.144918
0.0976146
0.0558597
0.155829
0.0840771
0.109556
-0.110989
0.152278
0.134196
-0.141892
0.152116
0.121525
0.177805
0.19747
0.109177
0.743584
-0.155763
0.115877
0.0722247
-0.15371
-0.12262
0.0964905
0.00426307
0.145463
0.290015
0.315912
0.179426
0.000552837
0.374046
0.0109339
0.311848
0.321731
-0.00756894
0.145881
0.307611
0.0627945
0.337958
-0.102765
-0.145153
0.337187
0.209743
-0.0272936
0.058885
0.346492
0.0250189
0.0181539
0.323692
-0.0940928
-0.0122526
0.0365445
-0.00562711
0.307632
0.0285272
-0.303524
0.0213648
-0.106598
-0.273101
0.348629
0.367168
0.230234
-0.0945864
0.0146819
-0.333733
0.342543
0.0751584
0.0330728
0.023382
0.055853
-0.00355367
0.0614704
0.369289
0.0708046
-0.281587
0.363261
-0.365801
0.0317941
0.0325068
0.0129581
0.0203064
0.224796
0.340668
-0.31023
0.0501602
0.285107
0.323724
-0.332395
0.00080957
-0.106289
-0.336608
-0.265624
-0.0898341
-0.0217993
-0.358012
0.0556008
-0.286621
-0.337155
-0.0324099
-0.223176
-0.297193
0.00159656
-0.339859
0.242963
0.264143
-0.350002
-0.125088
-0.0483779
0.0059369
-0.345973
0.035898
-0.00340766
-0.338919
0.135964
-0.00403223
0.0326171
-0.0171371
-0.371349
0.0504628
0.37468
0.00786641
0.142825
0.295869
-0.327218
-0.404401
-0.218116
0.202568
0.0363968
0.3253
-0.314113
-0.0317829
0.0107428
0.0377711
0.0114208
0.00861989
0.0507105
-0.331903
-0.074119
0.322158
-0.305479
0.363617
-0.003283
0.0512198
-0.029963
0.00055475
-0.126582
-0.330007
0.31244
0.050949
-0.288588
-0.317941
0.416725
0.0307823
-0.186957
0.0188581
0.0222427
-0.139502
0.273539
-0.0129775
0.291994
-0.00899233
-0.019212
-0.228313
-0.0869937
-0.0114433
0.340175
-0.000245381
0.0469486
0.140256
0.011853
-0.181202
-0.228903
0.336203
-0.0292608
0.332579
0.345753
0.0474051
0.150577
0.353622
0.289131
-0.255714
0.00519229
0.278423
0.0705705
0.0118315
0.197764
0.0487129
-0.0356954
-0.00760951
-0.120287
0.0484745
0.297698
0.0376131
0.017746
0.229855
0.339466
0.286399
0.346437
0.268543
0.330387
-0.00414565
0.28342
0.0412341
0.0245632
0.0455681
0.292624
0.30544
0.308192
0.342997
-0.17037
-0.0220857
0.0647453
0.282517
0.0119865
-0.0249105
0.0522491
0.0288882
-0.124935
-0.307113
-0.287268
-0.116231
0.00147137
-0.344258
0.00706674
-0.302366
-0.338766
-0.0122794
-0.193515
-0.276398
0.0350687
-0.318358
0.224386
0.252798
-0.348402
-0.0900854
0.0261989
0.0345007
-0.324773
0.00437509
0.0184758
-0.329428
0.0952728
0.0428208
0.00390417
0.0488316
-0.293165
0.0304309
0.390183
0.0249131
0.0762325
0.322928
-0.32222
-0.327931
-0.20538
0.242305
-0.0312988
0.400653
-0.337196
-0.0153651
0.00643719
0.0147532
0.056035
0.0216852
-0.0531721
-0.346652
-0.0467527
0.305978
-0.291717
0.347063
0.0471867
0.0333859
-0.00399334
0.00350506
-0.129529
-0.312209
0.369415
-0.0152108
-0.273038
-0.351091
0.397265
0.028641
-0.203129
0.0222288
-0.0316249
-0.241907
0.244683
-0.0283198
0.27002
-0.0119051
-0.00210346
-0.246562
-0.0355727
-0.0252463
0.287728
-0.0257623
-0.024193
0.0836792
0.000168874
-0.243896
-0.221565
0.257849
-0.0141428
0.299462
0.303783
0.00522299
0.225667
0.259386
0.296425
-0.21
-0.0393723
0.259586
0.0433986
0.0138763
0.257071
0.0490686
-0.0402503
-0.0101586
-0.185091
-0.0140266
0.279636
0.0943138
0.0120256
0.288321
0.277179
0.250611
0.280757
0.245913
0.294107
-0.0228474
0.245496
-0.00148697
0.00762951
0.0506837
0.303818
0.295712
0.287698
0.305369
-0.301888
-0.0184609
0.0216546
0.258378
-0.00646659
-0.0202286
0.0624418
0.0352461
-0.588729
-0.163908
-0.116436
-0.547134
0.126911
-0.0853806
0.145176
-0.148053
-0.16048
-0.109765
0.316218
-0.106045
0.199801
-0.177022
-0.413299
-0.263268
-0.141049
-0.575884
-0.116949
0.166581
-0.223639
0.137059
0.177994
-0.120937
0.48323
0.265169
0.127752
-0.159375
-0.158497
0.164001
0.194857
0.0331977
0.583507
0.161387
-0.160596
-0.0827754
-0.497964
-0.425861
0.195413
0.196413
-0.134018
0.136367
0.235067
0.195229
0.190451
0.135766
0.197087
-0.12308
0.14519
0.111316
-0.161139
0.183519
0.12179
0.145752
0.177
0.155738
-0.630895
-0.0765567
0.187329
0.188073
-0.0911916
-0.156246
0.165671
0.0398487
0.212851
0.299987
0.345573
0.239857
0.0512364
0.433159
-0.0115788
0.354281
0.416821
0.0314654
0.112442
0.325295
0.0151622
0.34793
-0.0725505
-0.160434
0.35386
0.245055
0.00224543
0.00847056
0.387733
0.0720188
0.0204755
0.356923
-0.0883767
0.0471242
0.0374956
0.00691531
0.33859
0.0401137
-0.358212
0.000422971
-0.150293
-0.283286
0.410712
0.339943
0.253174
-0.0272981
-0.0472816
-0.377023
0.362331
0.0464759
0.0143312
0.0213115
-0.023303
0.0268557
0.00345201
0.399343
0.0685395
-0.318854
0.32567
-0.353341
0.0178144
0.0844918
0.0410166
0.0257815
0.264337
0.347687
-0.332855
-0.0286158
0.287751
0.356697
-0.376107
0.00783171
0.407964
-0.160777
-0.145386
0.431355
0.126464
-0.168688
0.173031
-0.100346
-0.172278
-0.201493
-0.658804
-0.117063
0.187616
-0.162614
0.745162
0.681124
-0.106141
0.414346
-0.15216
0.153661
-0.128612
0.1811
0.193077
-0.164916
-0.239024
0.171522
0.11958
-0.0860391
-0.181835
0.164254
0.254966
0.0469741
-0.30625
0.173832
-0.200594
-0.155262
0.224965
0.813648
0.154089
0.217398
-0.154878
0.145119
0.124933
0.171599
0.186315
0.159685
0.10156
-0.16794
0.181717
0.174939
-0.13913
0.195828
0.222857
0.200447
0.201836
0.153034
0.427771
-0.156281
0.176823
0.17548
-0.168719
-0.176553
0.226018
0.0474963
-0.164494
-0.240975
-0.31438
-0.214761
-0.000836566
-0.308514
0.0153337
-0.323017
-0.311488
0.0172079
-0.106264
-0.283314
0.0191629
-0.323005
0.0875846
0.175263
-0.323289
-0.202687
0.0455381
0.0544753
-0.35842
0.0297818
0.00997041
-0.273532
0.168924
0.046506
0.0128587
0.00248166
-0.33307
-0.0165471
0.362827
0.00300931
0.135263
0.303322
-0.35908
-0.294966
-0.232631
0.0238977
0.0466943
0.375485
-0.258358
-0.0102565
0.0636816
-0.00658067
0.029547
-0.010041
0.0351089
-0.317589
-0.0340376
0.300382
-0.349557
0.336971
0.0129203
0.025052
0.0226257
0.0301618
-0.268448
-0.274721
0.356324
0.0196126
-0.280886
-0.354537
0.398244
0.0248523
-0.0801008
-0.316685
-0.320671
-0.115971
-0.0465603
-0.383197
0.0356424
-0.283647
-0.322552
-0.0113985
-0.220802
-0.283577
0.0803323
-0.328475
0.238458
0.255323
-0.26942
-0.118831
0.030314
-0.0144926
-0.328331
0.00110359
0.00110351
-0.312046
0.108275
0.0333618
0.030833
0.0103092
-0.351928
0.0482421
0.317138
0.0164457
0.156296
0.308421
-0.347236
-0.367408
-0.20433
0.205856
-0.0122605
0.418579
-0.301257
-0.0684187
0.0582103
-0.0298099
0.0577805
0.00686955
0.0752473
-0.339857
0.0122835
0.299847
-0.315318
0.37978
-0.0174482
0.00593242
-0.00161241
0.0138859
-0.0984769
-0.281513
0.396012
0.0134345
-0.295697
-0.303308
0.349949
0.0193376
-0.0784465
0.0148396
0.0412704
-0.0277381
0.276653
0.0642137
0.280885
0.0521869
0.0598251
-0.244407
-0.148256
0.0389052
0.333613
0.0407802
0.216354
0.179959
0.0258108
-0.0538932
-0.248948
0.29067
0.0342618
0.305972
0.313872
0.0193739
0.129054
0.320196
0.303502
-0.221069
0.0460477
0.27752
0.00299467
0.0443472
0.137482
0.0327461
0.0209553
0.0133502
-0.0511686
0.202193
0.270018
0.00334472
0.0494701
0.309965
0.323893
0.322554
0.337917
0.28286
0.313933
0.0420658
0.29416
-0.0345308
0.00307962
-0.0144757
0.321696
0.3372
0.284368
0.314557
-0.0633351
0.045514
-0.00458778
0.2998
0.0207824
0.0480072
-0.0042079
0.02506
0.0500632
0.309647
0.295809
0.0124261
0.0809038
0.339351
0.0298998
0.333602
0.32986
-0.0203781
0.246884
0.240439
0.0244232
0.32092
-0.332817
-0.142276
0.306361
0.0637424
0.00288607
0.0322427
0.295942
0.0279656
0.0163336
0.320668
-0.0594692
0.0802711
0.0484669
-0.00502878
0.318114
0.0178345
-0.290765
0.000246885
-0.0674355
-0.288238
0.267766
0.311905
0.1828
-0.293489
0.0368075
-0.301501
0.359073
0.0660905
0.0383894
-0.00671926
0.0103131
0.101242
0.0676764
0.328725
0.0623753
-0.228573
0.27825
-0.292249
0.0528932
0.0260039
0.0285932
0.0316861
0.057454
0.35322
-0.307988
0.0214408
0.297759
0.330289
-0.293685
0.0171836
-0.0371288
0.040676
0.0561898
-0.0189841
0.208522
0.0084972
0.163934
0.0573453
0.0449587
-0.101092
-0.0241421
0.0556593
0.202139
0.0526399
0.0470398
0.0934581
0.0315291
-0.0387926
-0.145485
0.221297
0.0661693
0.189139
0.171926
0.056562
0.116267
0.186544
0.197465
-0.103095
0.00992597
0.217084
-0.00714236
0.0489697
0.117203
0.0463373
0.0489786
0.0176511
-0.0345666
0.00739425
0.160585
-0.000958905
0.0581102
0.150027
0.215391
0.189517
0.16066
0.177874
0.189602
0.0735338
0.151533
0.00290741
0.0460771
-0.00378451
0.211563
0.150591
0.173734
0.195069
-0.0807532
0.0415826
-0.00704577
0.183836
0.0384655
0.0384045
0.000231258
0.0267609
0.730109
0.0886551
0.165467
0.791598
-0.123718
0.286414
-0.129609
0.135505
0.206456
0.115385
-0.501666
0.167978
-0.13342
0.196884
0.637298
0.406286
0.179285
0.74568
0.100833
-0.104331
0.224481
-0.137747
-0.154846
0.118322
-0.411224
-0.119496
-0.145671
0.14042
0.135021
-0.144903
-0.0927241
0.00603729
-0.600419
-0.0841874
0.211516
0.156933
0.55033
0.631704
-0.180512
-0.131774
0.154602
-0.0624681
-0.20723
-0.130332
-0.140095
-0.0656029
-0.140852
0.171021
-0.0867536
-0.0996798
0.165629
-0.161342
-0.0861411
-0.125173
-0.099711
-0.119781
0.804879
0.126742
-0.0845152
-0.096954
0.0614781
0.0859799
-0.125924
0.00747795
-0.761376
-0.0779854
-0.140241
-0.696956
0.116462
-0.0988509
0.181023
-0.170289
-0.225143
-0.0332548
0.456182
-0.105873
0.148722
-0.204951
-0.658903
-0.332379
-0.145413
-0.733311
-0.0758149
0.172521
-0.18587
0.192802
0.102747
-0.140675
0.542502
0.236538
0.103747
-0.14035
-0.167106
0.192532
0.18553
0.0321044
0.635475
0.118477
-0.193737
-0.132414
-0.537934
-0.642315
0.197007
0.168113
-0.140142
0.120472
0.183213
0.20035
0.130164
0.131933
0.17447
-0.121042
0.128714
0.102462
-0.173423
0.194261
0.227987
0.186781
0.0814377
0.165369
-0.796162
-0.10282
0.237391
0.134896
-0.0846652
-0.0835695
0.233868
0.0390841
0.427658
-0.149725
-0.174467
0.419647
0.164507
-0.150664
0.175585
-0.0941723
-0.162934
-0.214064
-0.674987
-0.0938991
0.154086
-0.180465
0.830339
0.695877
-0.141288
0.424844
-0.144808
0.196617
-0.145856
0.186901
0.202209
-0.119655
-0.303774
0.191758
0.182998
-0.113774
-0.150445
0.167754
0.220819
0.0333759
-0.311898
0.177897
-0.144242
-0.151163
0.329556
0.886434
0.119458
0.214857
-0.193753
0.130338
0.204397
0.173797
0.136414
0.141595
0.126051
-0.156584
0.0757867
0.186479
-0.130585
0.126462
0.167753
0.194054
0.216855
0.144211
0.509068
-0.147687
0.245516
0.200804
-0.183235
-0.176202
0.171138
0.00835769
-0.741964
-0.0502767
-0.0836491
-0.753253
0.221117
-0.268631
0.128745
-0.207295
-0.24104
-0.0412084
0.474471
-0.137728
0.106133
-0.0851377
-0.719973
-0.357196
-0.148001
-0.699387
-0.122042
0.18436
-0.217755
0.1348
0.206519
-0.122461
0.580185
0.132668
0.176103
-0.131502
-0.142199
0.140245
0.191483
0.0391914
0.669269
0.127877
-0.132084
-0.0800172
-0.489028
-0.662787
0.184081
0.232512
-0.150998
0.113209
0.180712
0.17168
0.139263
0.183985
0.158744
-0.174583
0.158918
0.141676
-0.145772
0.144246
0.132771
0.123192
0.183217
0.13109
-0.826543
-0.123034
0.191698
0.173055
-0.0760889
-0.147524
0.229846
0.0333333
-0.065563
0.0644403
0.0346317
-0.0488473
0.306221
0.0422377
0.294759
0.0483517
0.0137451
-0.24978
-0.16303
0.0595183
0.367811
0.030192
0.210063
0.208699
0.0782021
-0.048447
-0.275707
0.275402
0.0342654
0.321647
0.30629
0.0235339
0.15787
0.30883
0.299374
-0.25375
-0.0176525
0.315991
0.0420964
0.0441664
0.193776
0.0240568
0.0319199
0.0203794
-0.00903578
0.220544
0.295941
-0.00877069
0.0312513
0.291321
0.305541
0.331314
0.363319
0.326874
0.333314
0.035223
0.293002
0.0480412
0.0550234
0.0146964
0.359527
0.331375
0.339919
0.318671
-0.0753102
0.0456924
0.00561793
0.299322
0.0231022
0.0230123
-0.0132341
0.0102699
0.88853
0.139538
0.141289
0.90507
-0.18831
0.172951
-0.190282
0.195554
0.275218
-0.0526708
-0.547308
0.138419
-0.0673083
0.177959
0.952805
0.429213
0.160238
0.884374
0.158932
-0.132868
0.241437
-0.0781569
-0.167923
0.189641
-0.596053
-0.203757
-0.204229
0.180798
0.261263
-0.201821
-0.0694748
0.0292033
-0.690055
-0.107488
0.221335
0.141932
0.595803
0.934233
-0.19294
-0.171208
0.158507
-0.0405713
-0.151891
-0.15015
-0.051581
-0.177433
-0.187865
0.150853
-0.178595
-0.112463
0.16778
-0.19447
-0.185292
-0.0471164
-0.137451
-0.161917
1.02143
0.106551
-0.132563
-0.167363
0.127945
0.0687146
-0.100866
0.044767
-0.173691
0.0345084
0.0262417
-0.110961
0.311742
0.0105494
0.313084
0.0197863
-0.00920005
-0.235264
-0.0823027
-0.0107407
0.365698
0.0299015
0.0891205
0.120934
0.019421
-0.126009
-0.272482
0.328947
-0.00724999
0.317748
0.329818
0.0220679
0.203943
0.296857
0.290306
-0.273682
0.00477061
0.281352
0.0469495
0.0157356
0.196254
0.0405393
-0.0322276
0.00935093
-0.096618
0.0597857
0.317788
0.0574173
0.0269278
0.278984
0.263575
0.280108
0.354316
0.25042
0.347642
0.0289891
0.321979
-0.0172435
0.038615
0.0372685
0.344769
0.299686
0.30276
0.320468
-0.180986
0.0414963
0.0615828
0.326349
0.0228485
2.26779e-05
0.00471292
0.0414066
-0.319227
-0.00193711
-0.0094658
-0.281218
0.20074
-0.00879517
0.232449
0.00942118
-0.0969738
-0.170781
0.0726777
-0.0182486
0.261847
-0.0333489
-0.152027
0.0221106
-0.0221147
-0.319363
-0.1968
0.228974
-0.0525018
0.265463
0.290866
-0.0217267
0.266285
0.249024
0.222722
-0.19477
-0.0097194
0.300339
0.0708925
0.00450496
0.345547
0.0315896
-0.00765929
-0.000954689
-0.231544
-0.183981
0.266656
0.0147301
-0.0319473
0.220724
0.235467
0.218381
0.229866
0.253505
0.27355
-0.0389963
0.222878
0.0336474
-0.0269715
0.0450752
0.255117
0.236862
0.267714
0.20351
-0.348043
-0.0251825
0.0453754
0.233342
0.0296718
0.038332
0.0528447
0.0370227
0.229947
0.312644
0.344447
0.18837
0.0631171
0.398761
0.0608921
0.318753
0.391966
0.0164249
0.113207
0.283457
0.040769
0.372459
-0.0519355
-0.168709
0.337769
0.195888
-0.0244355
0.00736014
0.392982
0.0208089
0.0103416
0.337023
-0.101435
0.0152746
-0.0121828
0.0383485
0.398453
0.0113147
-0.316083
0.0236892
-0.15525
-0.300598
0.3841
0.400411
0.293923
-0.0710433
0.0601766
-0.301914
0.340289
0.0365316
-0.0151588
0.0142956
0.0365976
0.0846262
0.0426938
0.35896
0.0585625
-0.268988
0.338344
-0.297274
0.0602404
0.0352026
0.0464424
0.00315042
0.241208
0.350205
-0.302315
-0.018884
0.332683
0.333692
-0.319802
0.0302829
-0.100578
0.0230037
0.036991
-0.104707
0.287362
0.0213372
0.308039
0.0575068
0.00510362
-0.255686
-0.147371
0.0623167
0.340497
0.0558713
0.11246
0.208446
0.0790721
-0.0731313
-0.234339
0.322017
0.00592079
0.355129
0.371496
0.0214309
0.158734
0.342109
0.30714
-0.243973
-0.010177
0.345006
-0.0153145
0.021926
0.178007
0.00958221
0.0493679
0.0275071
-0.0834569
0.0907593
0.306084
0.0193998
0.0778242
0.300939
0.293677
0.316598
0.32234
0.276041
0.332569
0.0120011
0.27757
-0.0216055
0.0433133
-0.00827578
0.294704
0.369167
0.357725
0.320966
-0.105936
-0.00702803
0.0143263
0.291971
0.0539119
0.0313952
0.0189882
0.0392386
0.142056
0.358701
0.339387
0.127389
0.0599444
0.392412
-0.0125892
0.332213
0.3832
0.033633
0.210251
0.287352
0.083267
0.375292
-0.260833
-0.247719
0.338386
0.119443
0.0334662
0.00929994
0.348985
0.0556407
0.00622395
0.275272
-0.023056
0.0184045
0.0193064
-0.00130497
0.356559
-0.00446261
-0.339439
0.00759725
-0.057121
-0.295046
0.416839
0.394612
0.211054
-0.253942
0.0184631
-0.344461
0.36482
0.0550645
0.0016969
0.01735
0.0287965
0.0484928
0.0549124
0.403425
0.0979255
-0.273353
0.322894
-0.369235
0.00276651
0.03373
0.03061
0.00897457
0.131901
0.381658
-0.36288
-0.00543357
0.350513
0.393714
-0.354558
0.0437916
0.0854518
0.27045
0.320755
0.0671408
0.0874837
0.342567
0.0346942
0.267369
0.354433
0.00273961
0.242674
0.312013
0.0117451
0.308141
-0.255607
-0.192822
0.287834
0.0855748
-0.00312159
0.0632037
0.297156
0.016796
0.0811554
0.29877
0.00144098
0.00763348
0.023014
0.0265522
0.365634
0.0741997
-0.257467
0.00539972
-0.0590595
-0.237177
0.335288
0.359585
0.177151
-0.302366
0.0400518
-0.307489
0.334378
0.0476922
0.076295
0.0388997
0.0504156
0.078764
0.0717715
0.331518
0.0529239
-0.27595
0.344292
-0.290668
0.00226381
0.0276503
0.0484271
0.0416787
0.0559361
0.303319
-0.292721
0.0246867
0.338185
0.323969
-0.253964
0.00745272
-0.125773
0.047448
-0.00790965
-0.0953596
0.296295
-0.025174
0.318178
0.0166933
-0.000563912
-0.250686
-0.0790945
0.0231116
0.353454
0.0128161
0.0884016
0.124496
0.0612676
-0.14514
-0.220903
0.335734
0.0027307
0.334537
0.296166
0.0353482
0.171433
0.322882
0.300999
-0.232388
0.0133687
0.28081
0.0310858
0.0261883
0.216946
0.0561185
-0.0064086
0.0285307
-0.123102
0.0744381
0.317991
-0.0167166
0.0303613
0.275884
0.329065
0.294112
0.304687
0.280412
0.296348
0.0446728
0.293082
0.0422398
0.0591975
-0.00330445
0.315466
0.314618
0.313597
0.310386
-0.179265
0.0128354
0.018508
0.333198
0.0190734
0.0242406
0.0119349
0.00909731
0.195372
0.317062
0.350164
0.20729
0.0694831
0.358459
0.011808
0.315661
0.343
-0.0221403
0.118801
0.327286
0.044606
0.348329
-0.0668921
-0.147484
0.359076
0.164419
-0.0341136
0.0521671
0.355044
0.00997986
0.0417169
0.351671
-0.0947229
0.011849
0.0413961
-0.0429093
0.371378
0.0269963
-0.271641
0.0161701
-0.116449
-0.275701
0.411516
0.357018
0.262272
-0.0920443
0.009772
-0.327419
0.321806
0.0433657
0.0817677
0.040764
0.0360652
0.0388308
0.0479271
0.348789
0.107879
-0.286385
0.313373
-0.317228
0.0182825
0.0230381
0.040546
0.0641032
0.207785
0.307967
-0.316121
0.0981767
0.31595
0.306748
-0.312415
0.0457188
-0.0550071
0.0260943
0.0266821
-0.0223236
0.313844
0.025679
0.301355
0.0340821
-0.0282601
-0.319662
-0.192869
0.0402712
0.316997
0.0385824
0.236105
0.188485
0.0314568
-0.0242674
-0.28303
0.327668
0.0508702
0.373406
0.353084
0.0372486
0.177437
0.31707
0.331202
-0.256951
-0.0169115
0.34174
0.0249008
0.016954
0.200291
0.0533982
-0.00556717
0.0120815
-0.0126422
0.24611
0.328413
-0.00131882
0.011671
0.308647
0.342073
0.290645
0.308056
0.320572
0.34395
0.0206817
0.281164
0.0344669
0.0104589
-0.025755
0.374222
0.342837
0.334161
0.309123
-0.0906272
0.023345
0.0419866
0.341793
0.0226391
0.0113819
0.0361754
0.0389632
-0.133612
-0.0124181
-0.00793395
-0.0710469
0.246674
-0.0215488
0.292552
-0.0107491
-0.041256
-0.315759
-0.163491
0.0550382
0.389487
-0.0146045
0.176002
0.160365
0.0467316
-0.0773288
-0.283317
0.294994
-0.0210029
0.340173
0.329713
-0.0135542
0.163988
0.3436
0.299248
-0.235764
-0.0635913
0.338683
0.0225855
0.0412358
0.19019
0.0451766
-0.0236352
-0.0390295
-0.0759117
0.140073
0.268557
0.0133919
-0.00254691
0.284735
0.338981
0.330111
0.371228
0.307745
0.338538
-0.00330238
0.306089
0.0522117
0.00476143
0.018253
0.291921
0.368938
0.315686
0.283342
-0.125951
0.0130023
0.0178776
0.347059
-0.00836623
-0.0275926
0.0292252
0.0194543
-0.104119
-0.0155527
0.0233416
-0.06943
0.258281
-0.0133288
0.294724
0.0465202
0.0341074
-0.257315
-0.0822578
0.0638822
0.317448
0.00574005
0.068486
0.124252
-0.00714881
-0.114836
-0.260883
0.329606
-0.011188
0.302854
0.294126
0.0298035
0.206239
0.369159
0.294699
-0.240878
-0.0301339
0.298162
-0.0222841
0.046358
0.192128
0.0464706
0.0272686
0.00458054
-0.092055
0.12375
0.289221
-0.00866708
0.0419425
0.31115
0.335026
0.307922
0.330004
0.259083
0.291404
0.0235682
0.253051
0.0019997
0.0135964
0.00668893
0.274719
0.300789
0.316418
0.288575
-0.120988
0.0341683
0.0249105
0.325586
0.0018354
-0.0062996
-0.00893706
0.0155459
-0.0598395
0.0291759
0.0577977
-0.0581663
0.292134
0.04229
0.278372
0.0561976
0.038605
-0.265798
-0.122132
0.0503573
0.321016
0.0535182
0.121645
0.166936
0.0722445
-0.062694
-0.243503
0.313986
0.00566502
0.300382
0.330541
0.0672344
0.188444
0.316774
0.296505
-0.22203
0.0150752
0.342661
-0.0164308
0.0123718
0.160368
0.0487124
0.0211505
0.0389833
-0.0413221
0.097242
0.286757
-0.00282608
0.0561457
0.270306
0.317682
0.322344
0.321916
0.305989
0.298175
0.0460894
0.307638
0.0384483
0.0369403
-0.0121237
0.294409
0.294423
0.318218
0.3388
-0.0915529
0.0145976
0.0112685
0.271587
0.043893
0.06024
0.00634478
0.0076514
-0.077807
-0.351826
-0.305339
-0.102913
-0.0483483
-0.407634
0.0349385
-0.294308
-0.349911
0.00265624
-0.22629
-0.286003
0.0751394
-0.286943
0.310298
0.259614
-0.288893
-0.093622
0.00608934
0.0306197
-0.349324
-0.0279923
0.00218712
-0.332333
0.076602
0.0848095
0.0729672
0.048782
-0.389413
0.0313429
0.366399
0.00711205
0.11648
0.395699
-0.368265
-0.34977
-0.164563
0.290857
0.00569233
0.365495
-0.30822
-0.0417387
0.0868585
0.00709005
0.075846
0.02964
-0.0317396
-0.365536
-0.0222241
0.307323
-0.28846
0.391365
0.01798
-0.0068375
-0.0244915
0.0029943
-0.101623
-0.325692
0.304983
0.0375165
-0.34192
-0.354879
0.3981
0.0458468
-0.0604666
-0.00920351
0.0276772
-0.000692073
0.307304
0.0132721
0.297303
-0.0111917
-0.0145571
-0.289189
-0.213982
0.037115
0.362841
0.00728785
0.241213
0.207814
0.0146077
-0.0522597
-0.260533
0.344834
0.0205484
0.323466
0.283049
0.0565753
0.155588
0.285094
0.323606
-0.256464
0.0302847
0.324826
0.0466225
0.0134112
0.178706
0.0596606
0.0126015
0.0255151
-0.00841861
0.275823
0.320339
0.0508896
-0.0274368
0.268096
0.333744
0.325558
0.337996
0.300775
0.292598
0.0239178
0.279814
0.0168214
0.0145613
0.00287412
0.363314
0.333485
0.310839
0.370645
0.00954657
-0.0216993
0.0176739
0.310694
-0.00138929
0.00969965
0.0340753
0.0210003
-0.0860869
-0.287752
-0.298727
-0.0650192
-0.0267781
-0.357367
0.0193644
-0.280129
-0.30942
0.0226931
-0.225653
-0.239621
0.0162522
-0.340195
0.24458
0.222058
-0.277931
-0.0590156
0.0384428
0.00309581
-0.292633
0.0187582
0.0899574
-0.254519
0.0717931
0.0397937
0.0545318
-0.00851611
-0.30918
0.0408925
0.373555
0.0194496
0.137812
0.294544
-0.342244
-0.343996
-0.174592
0.258209
0.0122892
0.30927
-0.260277
-0.00832794
0.0713367
-0.0102709
0.00520746
-0.0282811
0.0207716
-0.298727
-0.0150909
0.300108
-0.314037
0.347169
0.0607132
0.00917932
0.0827861
0.0037292
-0.0551541
-0.327927
0.356667
0.0327879
-0.257929
-0.272487
0.412653
0.0217308
-0.301252
-0.010315
-0.0361953
-0.231929
0.260254
-0.0907884
0.292729
-0.0213551
-0.0522475
-0.216023
0.0146452
-0.0297924
0.344101
-0.027572
-0.0287122
0.0255507
-0.0389877
-0.238839
-0.245481
0.2501
-0.0557503
0.310537
0.2795
0.0107817
0.210679
0.305832
0.27362
-0.223817
-0.0259616
0.292769
0.0369918
0.0464566
0.270417
0.0874896
-0.0685151
-0.00981845
-0.218879
-0.0434854
0.27795
0.0584197
0.0298516
0.266021
0.27028
0.263692
0.349183
0.257802
0.308321
-0.0364756
0.235159
0.00747368
-0.0236624
0.110538
0.295285
0.297332
0.267156
0.326487
-0.283592
-0.0403038
0.102548
0.286998
-0.01024
0.0132812
0.046293
0.0246524
-0.195275
0.0129351
0.00715693
-0.181978
0.283406
-0.0575017
0.302822
-0.0111217
0.00169614
-0.270048
-0.0540123
0.0074168
0.302111
0.00861735
0.00256839
0.101678
0.037798
-0.227459
-0.247824
0.298089
-0.0349483
0.299198
0.330158
0.0300042
0.195125
0.272699
0.313767
-0.235149
-0.058371
0.332083
0.0361042
0.0487524
0.278437
0.0608525
0.00342559
-0.0606479
-0.149526
0.0185349
0.282785
0.0501928
0.0686763
0.24656
0.350462
0.330203
0.279535
0.300222
0.317376
-0.0364052
0.298915
-0.0153788
-0.0223218
0.0468625
0.322357
0.308887
0.314405
0.33021
-0.185876
-0.0535009
0.0468975
0.301773
0.00706901
-0.022837
0.0720924
0.0356654
-0.0352775
0.0014705
0.0228422
-0.0229092
0.283124
-0.0272684
0.285318
0.0152916
-0.0152127
-0.289355
-0.181994
0.0404701
0.33117
0.0462663
0.21993
0.173063
0.00113219
-0.0590557
-0.272751
0.31778
0.0203133
0.333332
0.284621
0.000840932
0.132228
0.31123
0.284847
-0.282303
0.00521895
0.326392
0.0693872
0.0336752
0.143014
0.0698053
-0.00593924
-0.0228849
-0.0203892
0.237253
0.282061
0.0516099
-0.0195321
0.296591
0.294669
0.339931
0.341017
0.30174
0.292769
-0.0116025
0.269819
0.0263012
-0.00266407
0.0615871
0.340283
0.348862
0.315801
0.30333
-0.104671
0.0038381
0.0528176
0.305547
0.0224358
-0.000929993
0.0625639
0.0284644
0.119925
0.329699
0.336344
0.130776
0.00288164
0.434034
0.0273572
0.327413
0.421468
0.00439395
0.220875
0.341153
0.0644256
0.365994
-0.245529
-0.209528
0.337267
0.154032
-0.0200019
0.0569665
0.367558
0.00410716
0.0140638
0.352791
-0.0420639
0.0130958
0.0326162
0.00880988
0.380826
0.0296594
-0.344961
0.00875406
-0.11762
-0.297135
0.353183
0.347344
0.234382
-0.209179
0.0241849
-0.327353
0.362125
0.0981713
0.0476542
0.0841731
0.028387
0.017213
-0.0186965
0.375134
0.0838018
-0.295922
0.342395
-0.334715
0.0317613
0.00850743
0.0435611
0.0137147
0.179301
0.367229
-0.312255
0.0379106
0.341521
0.339431
-0.333475
0.0344307
0.139444
0.318886
0.375983
0.142587
0.0829349
0.401149
0.0188471
0.350888
0.402455
0.0279979
0.16935
0.311936
0.0445859
0.33653
-0.151772
-0.194174
0.360325
0.185725
-0.0185086
-0.00483175
0.358459
0.0375419
-0.0197139
0.338214
-0.0847953
-0.018168
0.0473963
0.0127131
0.401018
-0.00849865
-0.327631
0.0284596
-0.116743
-0.310931
0.405809
0.364055
0.282953
-0.153679
0.0135236
-0.399417
0.339011
0.0925745
0.0414893
0.0740691
0.0135232
0.0311615
-0.0262575
0.387368
0.0870138
-0.29973
0.408046
-0.375855
0.00826628
0.029691
0.000435225
0.0720047
0.186279
0.357354
-0.376879
0.0487716
0.336323
0.393192
-0.339392
0.017052
0.0993969
0.369384
0.337958
0.119095
0.0720098
0.371603
0.00771539
0.328639
0.327974
-0.0124612
0.174099
0.330256
0.0188945
0.326877
-0.18376
-0.198816
0.301095
0.165902
-0.0545398
0.0297924
0.363273
0.052112
0.0481903
0.331888
-0.0580957
0.0641108
-0.0136835
-0.0167548
0.354679
0.0355565
-0.319974
0.0130763
-0.090041
-0.282834
0.336871
0.375084
0.197465
-0.156977
0.0153712
-0.320814
0.301785
0.0146967
0.0265608
0.05238
0.0283269
0.0191747
0.0458177
0.376885
0.0803035
-0.263026
0.318036
-0.322159
0.0406597
0.0270758
0.0587198
0.0638438
0.152622
0.332351
-0.334739
0.0681169
0.296836
0.349273
-0.353987
0.021109
-0.183543
-0.0267128
-0.0232486
-0.177486
0.260501
0.0229494
0.302322
-0.0301333
-0.0441694
-0.235735
-0.137768
0.0117523
0.335069
0.00535828
0.0960162
0.110255
0.0130748
-0.156219
-0.261464
0.268616
-0.0221012
0.309915
0.373724
-0.0138009
0.162622
0.338374
0.297963
-0.265872
-0.0539202
0.269062
0.0396574
0.0392153
0.200814
0.0861662
-0.0497474
-0.0556909
-0.125477
0.0592161
0.333684
0.0679289
-0.0364188
0.266516
0.315651
0.292992
0.349497
0.31613
0.345719
-0.0132485
0.260012
0.0636845
-0.00226159
0.0435226
0.316556
0.311309
0.339686
0.302566
-0.226726
0.0133953
0.0165269
0.338995
-0.0339934
-0.0108936
0.0393522
0.0476662
-0.0729527
0.0337194
0.0256776
-0.0743656
0.294449
0.0259706
0.30182
0.0248162
0.0144737
-0.228497
-0.123471
0.0515308
0.330144
0.0493002
0.14701
0.199856
0.0567999
-0.0592947
-0.262016
0.302497
-0.00200819
0.314163
0.368582
0.0486439
0.142345
0.274449
0.332997
-0.268533
-0.0528001
0.291839
0.0243665
0.0441264
0.204987
0.0153537
0.0176846
0.00284713
-0.0578186
0.177359
0.27784
0.0249245
0.0394573
0.296383
0.310611
0.343142
0.310693
0.296849
0.344683
0.0167425
0.282841
0.016809
0.00185164
0.00252817
0.313453
0.313545
0.339201
0.320946
-0.114037
0.00547498
0.0302509
0.301792
0.0215757
0.0240789
0.0188056
0.0327626
0.595064
-0.216309
-0.127246
0.633898
0.107404
-0.0899232
0.164184
-0.11491
-0.0823833
-0.151427
-0.868445
-0.0865053
0.146275
-0.0197824
1.13502
0.736011
-0.0204135
0.598556
-0.114551
0.118791
-0.0797095
0.147625
0.188907
-0.0671094
-0.317568
0.108517
0.25374
-0.115789
-0.147601
0.077776
0.185872
0.0170248
-0.357079
0.279279
-0.140418
-0.181008
0.347566
1.09258
0.16461
0.14677
-0.155003
0.105282
0.0900527
0.199242
0.127353
0.175643
0.066012
-0.13241
0.135855
0.234933
-0.132211
0.187885
0.204448
0.194891
0.202904
0.202035
0.733062
-0.170611
0.0960722
0.176611
-0.152251
-0.225413
0.123297
0.01564
-0.125956
-0.00194197
-0.0398098
-0.0842682
0.324037
-0.0112896
0.357828
0.00180099
-0.0240047
-0.294236
-0.134355
-0.000642378
0.291436
-0.00455954
0.161379
0.163673
-0.0209717
-0.12443
-0.282849
0.361459
-0.0250362
0.334962
0.286149
-0.00277241
0.131767
0.34162
0.266071
-0.276363
-0.0506993
0.325196
0.0576503
0.0355443
0.168362
0.0543253
-0.0421925
-0.0463573
-0.0697463
0.158119
0.356239
0.0854403
0.0340036
0.273325
0.325926
0.287584
0.266502
0.295192
0.318205
-0.0160657
0.274453
-0.0246692
-0.00644399
0.0397998
0.350604
0.311726
0.284334
0.307493
-0.141722
0.0199449
0.0555258
0.326903
-0.0173017
-0.0167474
0.0714783
0.0486782
-0.0459394
0.0562633
0.0253246
-0.0351389
0.157623
0.0279786
0.160449
0.0386186
0.0285085
-0.156583
-0.109578
0.0464095
0.230634
0.0686665
0.0538149
0.0770259
0.0167826
-0.0469312
-0.143726
0.214742
0.0539389
0.17873
0.202811
0.0779235
0.101906
0.202293
0.175649
-0.178281
0.0388551
0.225397
-0.0186003
0.0192411
0.125187
0.0217353
0.0589007
0.0546524
-0.0484313
0.0900174
0.184167
-0.026602
0.0616285
0.195518
0.222683
0.191025
0.224076
0.175934
0.212895
0.0483492
0.186669
-0.0299427
0.0214559
-0.00555363
0.201936
0.215196
0.18356
0.222809
-0.057485
0.0386865
-0.0416705
0.178699
0.0442284
0.0405942
-0.0245216
0.0424298
-1.47721
0.633348
0.580951
0.417755
0.307274
0.0494993
0.0177296
0.0212406
0.591283
0.0106148
-0.526892
0.0394245
0.0117811
0.0893778
0.0262987
0.0262546
0.654056
0.0492302
-0.462795
0.0122948
0.0396335
-2.07836
0.017854
0.0430321
0.627873
-2.05444
-1.41043
-1.4798
-1.45386
0.00413415
-0.502804
0.0393183
0.518072
-0.509392
-0.524102
-0.498583
-0.492497
-1.9867
-0.530562
0.0287223
0.0404258
0.00464152
0.0181468
0.0350411
0.0499731
-1.43564
0.0112957
-0.553601
0.103742
0.0263137
0.0326159
0.0333092
0.00776525
0.545781
0.0263413
-0.470107
-2.03499
0.440042
0.625366
0.596112
0.656401
0.0469152
0.00967814
0.0408249
0.437662
0.705328
0.783356
-0.0106042
2.35667e-05
0.0279605
0.0468109
0.040499
0.892941
0.0149577
-0.857291
0.0325751
0.0094032
-0.0774191
0.00289629
0.00307887
0.640045
0.0355122
-0.826674
0.0209148
0.0359822
-0.272381
0.00979266
0.0483178
0.957126
-0.252509
0.466031
0.488301
0.423752
0.0283558
-0.83919
0.0071834
0.678179
-0.88326
-0.780909
-0.871912
-0.821156
-0.316733
-0.779268
0.0246782
-0.0209168
0.0162278
0.00725335
0.0464438
0.0030636
0.506648
0.0495227
-0.827206
-0.219831
0.0359107
0.0371279
0.0316441
0.0486401
0.815641
0.0299619
-0.86914
-0.276649
1.03259
0.95048
0.827356
0.749755
0.00505888
0.00605109
0.00994479
0.410757
0.866316
0.632821
0.0346109
0.0776184
0.000820972
0.0359291
0.0404466
0.952946
0.0431824
-0.775792
0.0201123
0.00333209
0.0337013
0.0363255
0.048994
0.705561
0.0234534
-0.792579
0.020964
0.0203739
-0.453662
0.036161
0.0198105
0.781595
-0.299931
0.549244
0.492553
0.511268
0.0247292
-0.816854
0.000109988
0.767805
-0.907358
-0.83629
-0.878565
-0.880234
-0.438538
-0.813255
0.0241825
0.0295833
0.0367954
0.0442948
0.0438045
0.0232085
0.495493
0.0427985
-0.889625
-0.168617
0.0234365
0.0164964
0.0244476
0.0340364
0.80908
0.044258
-0.854116
-0.418286
1.05483
0.903907
0.816595
0.799206
0.0256898
0.00957918
0.0437178
-1.44407
0.62556
0.396044
0.0479387
0.198708
0.00308101
0.0133188
0.00870236
0.564393
0.00761362
-0.48812
0.0130849
0.0382339
0.0327843
0.00861729
0.0423075
0.585416
0.0251137
-0.427253
0.00277824
0.027771
-2.04213
0.046054
0.00630488
0.669635
-1.97294
-1.49148
-1.55306
-1.4928
0.0253533
-0.428037
0.0332569
0.692724
-0.433299
-0.46549
-0.52723
-0.447955
-1.88563
-0.487127
0.00146602
0.120413
0.0257325
0.0145509
0.0315595
0.0210378
-1.51127
0.0238671
-0.383551
0.172224
0.0406222
0.0425578
0.0260529
0.00163533
0.671359
0.0323578
-0.43908
-2.0286
0.763686
0.620559
0.608089
0.634194
0.042532
0.0486875
0.0197785
0.167748
0.362559
0.539605
0.934518
0.943664
0.00752734
0.0140963
0.000118342
0.444431
0.0286472
0.48035
0.00429754
0.00181539
0.978263
0.0440771
9.72869e-05
0.504254
0.0366349
0.554727
0.0478024
0.0252468
0.632433
0.0233871
0.0394231
0.381778
0.684366
0.215986
0.221038
0.185609
0.0035412
0.511764
0.00415914
0.52419
0.534252
0.532786
0.494167
0.517248
0.651889
0.487599
0.0249924
0.869816
0.0132108
0.0292899
0.0113482
0.0187557
0.200824
0.0114455
0.529857
0.933524
0.0375957
0.0127253
0.0352488
0.0461037
0.409253
0.0246719
0.50443
0.726876
0.476549
0.400111
0.520219
0.505229
0.0327723
0.00397661
0.00768866
0.36481
0.993107
0.854082
-0.15421
-0.168057
0.0206362
0.0337026
0.0111844
0.906162
0.0129926
-0.870067
0.00260275
0.0363596
0.208026
0.0175256
0.0463616
0.978222
0.0302509
-0.946612
0.0176775
0.0163633
-0.336289
0.0204212
0.0130622
0.774555
-0.506311
0.415375
0.438789
0.428709
0.0168563
-0.942904
0.00303999
0.81206
-0.901391
-0.957743
-0.832585
-0.864035
-0.483538
-0.991463
0.0201497
0.0362968
0.0229909
0.0227525
0.044805
0.00696896
0.504486
0.0411666
-0.902899
0.0205978
0.022777
0.0462203
0.0368922
0.0290592
1.22989
0.0499544
-0.948994
-0.578189
0.853847
0.97569
0.76291
0.846639
0.0103048
0.00903387
0.0173127
0.0987407
0.416048
0.365416
0.81572
0.952971
0.00704486
0.0324237
0.0246823
0.377399
0.00517617
0.676124
0.0370047
0.0454542
0.890663
0.0155475
0.0159832
0.366807
0.0117677
0.624535
0.0124902
0.0284092
0.813554
0.0273572
0.0483407
0.48709
0.676772
0.161545
0.167735
0.181882
0.0133685
0.589407
0.0473749
0.461351
0.51453
0.555023
0.533745
0.644122
0.671843
0.603763
0.00633433
0.933704
0.0445592
0.043339
0.042703
0.00521324
0.0953807
0.00868618
0.652797
0.933624
0.0115616
0.00113442
0.0490635
0.0143915
0.505493
0.0474042
0.621053
0.735507
0.41653
0.531207
0.397395
0.43612
0.038077
0.00836885
0.0492599
0.327721
0.900203
0.941217
0.0678695
0.0762865
0.0247213
0.0399637
0.00733905
0.819525
0.0333027
-0.843369
0.0244938
0.0421892
0.0199672
0.013138
0.0128434
0.841897
0.0142724
-0.811002
0.0346813
0.0427641
-0.397494
0.0147368
0.0323545
0.813167
-0.565163
0.398012
0.286607
0.229056
0.00171727
-0.849385
0.0355545
0.883216
-0.802723
-0.817802
-0.747984
-0.779831
-0.552283
-0.751027
0.0190684
0.0107769
0.0372064
0.0435622
0.0346394
0.0459346
0.272459
0.0474828
-0.783414
0.00364027
0.0093897
0.00090574
0.0137367
0.0187008
0.863192
0.0460912
-0.760778
-0.56196
0.808014
0.8541
0.875062
0.70602
0.031325
0.0195675
0.0108919
0.259756
0.933708
0.840524
0.145049
0.175191
0.0278815
0.0252479
0.0403491
0.932973
0.0188102
-0.854704
0.0110225
0.0255104
-0.0432784
0.027247
0.0464831
0.853024
0.0281527
-0.961999
0.000561778
0.0437952
-0.582477
0.0303124
0.0495844
0.832472
-0.423111
0.353177
0.305711
0.276621
0.00316489
-0.839765
0.0239369
1.00667
-0.849253
-0.888646
-0.872135
-0.881405
-0.721879
-0.915551
0.031486
-0.00663106
0.00515262
0.0425085
0.0496849
0.0276239
0.376748
0.046168
-0.876665
-0.0519371
0.00638783
0.0100467
0.0417034
0.0126988
0.919804
0.0412878
-0.852988
-0.629186
0.804195
1.01066
0.814218
0.834681
0.0431563
0.0180617
0.0199663
0.116522
-0.398418
-0.562398
-0.880839
-1.02148
0.0399455
0.0295568
0.0277171
-0.381726
0.0220653
-0.579844
0.0227221
0.0418208
-0.967565
0.032207
0.0397289
-0.40789
0.0422538
-0.57013
0.0426567
0.0326129
-0.376303
0.00110613
0.00919239
-0.42683
-0.545892
0.101021
0.0571389
0.163407
0.0213789
-0.522582
0.0212922
-0.423376
-0.589604
-0.626331
-0.552151
-0.577175
-0.364299
-0.633415
0.0404467
-1.00643
0.0282188
0.0131688
0.012806
0.00178883
0.172873
0.00253488
-0.590299
-1.01991
0.0339671
0.0244034
0.0202425
0.00668723
-0.270301
0.0294349
-0.56587
-0.468193
-0.498369
-0.344927
-0.469833
-0.451601
0.0255697
0.0328841
0.0236881
1.80807
-0.0497459
-0.276396
-0.895342
-0.784759
0.0476045
0.0167681
0.0221523
-0.139301
0.0299369
-0.944751
0.0276121
0.0253128
-0.975275
0.00935882
0.0129423
-0.113969
0.0337622
-0.898663
0.0281475
0.00927174
1.14731
0.03244
0.0312443
-0.301074
1.13925
1.94926
1.8552
2.01831
0.0257204
-0.914901
0.0189304
-0.395782
-0.955734
-0.801457
-0.911089
-0.897717
1.1197
-0.860403
0.0434065
-1.07869
0.0362451
0.0210186
0.0172696
0.0237382
1.92169
0.030212
-0.867889
-1.0494
0.0133968
0.0233459
0.0234114
0.0260165
-0.170059
0.00465568
-0.936009
0.972167
-0.0335176
-0.17548
-0.151001
-0.0474187
0.044082
0.0250619
0.00117984
0.429166
0.820196
0.845153
0.0671105
0.174283
0.0316013
0.0250503
0.0242905
0.750781
0.0460689
-0.760915
0.0415845
0.0264463
-0.0928194
0.0367829
0.0405859
0.884879
0.0101289
-0.747267
0.0111854
0.0159148
-0.526134
0.0325737
0.0340886
0.722582
-0.487601
0.38971
0.417748
0.328423
0.015282
-0.801842
0.0116075
0.957738
-0.788537
-0.813844
-0.809058
-0.735574
-0.41758
-0.712134
0.0202991
-0.0332421
0.0337799
0.0118836
0.0408168
0.00555204
0.401736
0.0314027
-0.761303
0.101927
0.0454
0.00190639
0.0247102
0.014053
0.876489
0.0087988
-0.806383
-0.424655
0.790797
0.772679
0.889497
0.720437
0.0100922
0.0470993
0.0498967
0.117192
0.58855
0.400218
1.04005
0.970947
0.0100458
0.00369551
0.0230228
0.472838
0.0155791
0.602712
0.0493778
0.0142456
1.15278
0.0400987
0.023041
0.541064
0.0420051
0.548804
0.00469539
0.0264852
0.638523
0.0348933
0.0144302
0.556929
0.708517
0.115985
0.0996763
0.140252
0.0470213
0.569362
0.0454844
0.469927
0.640975
0.601395
0.613525
0.526148
0.62287
0.611543
0.041464
1.08101
0.0328865
0.0408417
0.012401
0.0281289
0.150655
0.035442
0.570679
1.03315
0.0331932
0.0234666
0.0494308
0.0397431
0.37638
0.013861
0.652875
0.684863
0.421874
0.387666
0.537677
0.393194
0.0349483
0.0228334
0.0481762
0.290046
0.674427
0.612922
0.223494
0.0306976
0.0132473
0.011643
0.032446
0.880965
0.00248471
-0.843484
0.0242627
0.0334252
0.197966
0.043034
0.0063707
0.678043
0.0165006
-0.872689
0.00322525
0.0248606
-0.454331
0.0485372
0.037669
0.856446
-0.497881
0.441654
0.486066
0.452141
0.0378515
-0.847399
0.0212081
0.798988
-0.850329
-0.832896
-0.773133
-0.772414
-0.662125
-0.80724
0.0460076
-0.102116
0.00114927
0.0202703
0.03894
0.0314383
0.499114
0.0453107
-0.822667
-0.107099
0.00111218
0.0481457
0.00466551
0.0207747
1.10757
0.0423345
-0.874626
-0.60484
0.972614
0.88344
0.988861
1.07095
0.0408959
0.0302774
0.0347699
-2.21204
0.407122
0.164567
0.893227
1.02157
0.0149285
0.0234035
0.0302095
0.405011
0.0436738
0.943293
0.047516
0.00697808
0.924566
0.0424364
0.036783
0.194212
0.0405821
0.991601
0.0363471
0.037265
-1.21742
0.0405672
0.0476669
0.212207
-1.43056
-2.28484
-2.18388
-2.30639
0.0370136
1.01005
0.00745526
0.494788
0.972649
0.909805
0.9891
1.0122
-1.37627
0.969638
0.010742
1.3169
0.0327319
0.00825804
0.00890661
0.0471921
-2.37662
0.0456896
0.978312
1.13594
0.0371381
0.0491116
0.0285415
0.0209211
0.318325
0.0262084
0.892098
-1.25862
0.01745
0.290965
0.339551
-0.0282373
0.0195061
0.0161041
0.0286364
-1.84055
0.157105
0.381872
1.16071
0.941145
0.0255917
0.00464829
0.0111386
-0.0359015
0.0129063
0.937955
0.00551572
0.0136008
1.02492
0.0182802
0.00487732
0.19139
0.0173918
0.850558
0.023794
0.00707054
-1.07026
0.0358508
0.0357864
-0.0565087
-0.76043
-1.72032
-1.7493
-1.91373
0.0105393
0.975887
0.00299542
0.0776458
0.884808
1.0067
0.966977
0.899865
-1.06781
0.982821
0.0370912
0.883131
0.00188841
0.0426069
0.0280571
0.0176232
-1.72703
0.0329344
0.924063
1.04141
0.0163532
0.0442901
0.0353494
0.0259805
-0.10081
0.0211358
0.912141
-1.01205
0.295236
0.114123
0.317794
-0.265191
0.022249
0.0211372
0.037605
0.259664
1.05201
0.806206
0.0700696
0.0571818
0.0401529
0.0412836
0.0340451
0.75062
0.0338904
-0.827557
0.00966452
0.0447775
-0.0068162
0.0301606
0.0230564
1.05028
0.0244508
-0.837055
0.0373702
0.00459171
-0.524441
0.00592258
0.01898
0.903676
-0.604534
0.249508
0.330617
0.222571
0.00825891
-0.768515
0.0346789
0.734137
-0.828957
-0.790106
-0.746881
-0.761817
-0.443472
-0.725408
0.049332
-0.0804278
0.0420338
0.0089965
0.00882281
0.0370703
0.263401
0.0318792
-0.784144
0.181082
0.0402851
0.0358303
0.0181996
0.0198268
0.974718
0.0371796
-0.797166
-0.554372
0.84889
0.7137
0.974589
0.801633
0.0449906
0.0226908
0.00885797
-1.43627
0.729498
0.397503
0.0411235
0.00900041
0.0346761
0.0187511
0.00576226
0.564283
0.0277476
-0.442181
0.0137802
0.0169047
0.224509
0.0122402
0.0305125
0.665555
0.0480705
-0.415425
0.00657612
0.0398234
-1.94809
0.0215156
0.0185813
0.583436
-2.03737
-1.44744
-1.40048
-1.39991
0.0292841
-0.54873
0.0147972
0.708483
-0.551685
-0.505354
-0.500617
-0.433519
-2.10891
-0.443474
0.0177417
0.0536366
0.00291052
0.0315219
0.0476195
0.0493748
-1.41805
0.0281321
-0.492679
0.111494
0.0268442
0.0427003
0.0316561
0.0127359
0.607043
0.000237368
-0.46917
-2.02265
0.622884
0.659352
0.76924
0.716835
0.0172934
0.03936
0.0269609
-0.113467
-0.334964
-0.336831
-0.965366
-0.931206
0.0478496
0.0324228
0.00725837
-0.432673
0.0139447
-0.54017
0.000134884
0.00770682
-0.877937
0.0362591
0.0495395
-0.469514
0.0289594
-0.511974
0.0225901
0.0431752
-0.59157
0.045519
0.0150693
-0.358754
-0.579617
-0.147121
-0.126582
-0.0782644
0.028992
-0.487088
0.0021439
-0.345984
-0.573054
-0.508249
-0.542381
-0.578655
-0.639315
-0.440063
0.00947289
-0.972129
0.0412481
0.00960778
0.0208992
0.024258
-0.0748761
0.0204387
-0.440573
-1.00584
0.00163427
0.0067023
0.0180014
0.0330672
-0.38898
0.0330707
-0.44927
-0.617654
-0.397611
-0.371774
-0.331378
-0.426894
0.0470481
0.0440612
0.00426307
0.122702
0.410999
0.422054
0.940417
0.944278
0.019745
0.0260971
0.0233263
0.452428
0.0357049
0.577742
0.0352511
0.0315717
0.882358
0.0193633
0.00639788
0.412577
0.0260656
0.588175
0.0493656
0.028287
0.749095
0.0206964
0.0417096
0.458157
0.703738
0.160217
0.16493
0.176009
0.0276881
0.566701
0.0213648
0.48641
0.609851
0.582077
0.583706
0.58166
0.730428
0.572404
0.000243615
1.00106
0.0162599
0.0354947
0.0313626
0.0309241
0.108851
0.0377605
0.582894
0.975854
0.0121598
0.0465882
0.00921068
0.0196298
0.461808
0.000920271
0.60373
0.782856
0.47932
0.396555
0.462288
0.389683
0.0178008
0.0185081
0.00080957
0.351696
0.829052
0.909386
0.015359
0.0857004
0.0215521
0.0268004
0.0203741
1.00365
0.0122951
-0.83543
0.0187361
0.0171532
0.153553
0.0159586
0.0480769
0.980818
0.0125467
-0.868586
0.0212867
0.0298313
-0.513685
0.0210893
0.0135212
0.861561
-0.693887
0.0948718
0.240859
0.224593
0.0291726
-0.89016
0.00786641
0.919712
-0.89708
-0.810962
-0.815707
-0.885507
-0.774562
-0.812765
0.0146817
0.155964
0.0283636
0.0334177
0.0406719
0.0178608
0.395327
0.0387488
-0.869373
0.0463557
0.0460363
0.0408044
0.0417543
0.00424418
0.900927
0.00527549
-0.844167
-0.726236
0.735233
0.708083
0.820624
0.954953
0.0077894
0.0430797
0.0307823
0.135713
0.432601
0.49182
1.0235
0.98569
0.0136621
0.00465837
0.0122452
0.481137
0.0380761
0.543553
0.00988641
0.0374524
0.946379
0.0294041
0.0493755
0.486831
0.0202085
0.563967
0.0419464
0.0321023
0.703717
0.0389456
0.0467554
0.523505
0.728499
0.172057
0.113209
0.193688
0.0250484
0.559171
0.0118315
0.49843
0.583181
0.535568
0.606873
0.584384
0.630628
0.555941
0.0309629
0.974681
0.00644011
0.0408493
0.0319951
0.048106
0.170294
0.0313706
0.602154
1.05902
0.0225004
0.0277546
0.0225643
0.0189057
0.441454
0.0193197
0.553737
0.72084
0.372706
0.378119
0.372884
0.511036
0.0269489
0.0181914
0.0288882
0.170613
0.450009
0.521544
0.983508
1.03734
0.023689
0.0221242
0.0210088
0.459164
0.0129735
0.607987
0.0282351
0.033227
0.895304
0.0140433
0.023689
0.489406
0.041798
0.637832
0.0257805
0.00849819
0.623398
0.00703147
0.0161335
0.409776
0.754441
0.10496
0.138511
0.164527
0.0406848
0.603941
0.0249131
0.57336
0.629512
0.587185
0.627321
0.573641
0.80227
0.596495
0.0460704
1.0189
0.0111631
0.0243055
0.0343992
0.0455376
0.138116
0.00808815
0.579922
1.07576
0.00434136
0.0281929
0.038645
0.0199142
0.374575
0.00477855
0.672119
0.647782
0.409076
0.359976
0.432748
0.422357
0.00205988
0.0285669
0.028641
0.539624
0.839147
0.973056
0.135924
0.157551
0.0239507
0.00632384
0.0340122
0.958079
0.0306294
-0.771205
0.0306514
0.0189782
-0.0430142
0.0330638
0.0491251
0.744612
0.0112567
-0.832773
0.000755138
0.0464811
-0.323058
0.0375306
0.0274457
0.683999
-0.4588
0.434382
0.499715
0.366564
0.00966628
-0.902111
0.0138763
0.853712
-0.837705
-0.801858
-0.815867
-0.842402
-0.26082
-0.824472
0.0412744
0.114263
0.0395712
0.0219257
0.0300612
0.0160707
0.411651
0.0291862
-0.877429
-0.126288
0.0169563
0.0476668
0.0127272
0.00950496
0.873883
0.0401729
-0.869999
-0.645123
0.765947
0.780421
0.881216
0.702025
0.0335212
0.0361421
0.0352461
1.13019
-0.571379
-0.291933
0.0671859
0.113519
0.0435535
0.013166
0.00180826
-0.385831
0.0350917
0.571416
0.0491954
0.0400812
0.0249434
0.0461071
0.00632729
-0.486341
0.0437738
0.49462
0.037517
0.0289712
1.59337
0.0168425
0.0316729
-0.47956
1.59105
1.07073
1.11782
1.12146
0.0400808
0.535484
0.0331977
-0.605641
0.494358
0.458356
0.560618
0.550055
1.68153
0.569825
0.0457562
0.0874746
0.0247556
0.0449517
0.0434281
0.0358112
1.13012
0.0497554
0.530392
-0.0433087
0.0188099
0.00134018
0.0138038
0.0280372
-0.519178
0.0454766
0.478092
1.62147
-0.458563
-0.562738
-0.526566
-0.444756
0.0166593
0.00279237
0.0398487
0.179478
0.322756
0.432566
0.932118
1.00118
0.0238127
0.0441251
0.0294839
0.315059
0.0390768
0.595312
0.0343795
0.0301355
1.03496
0.0482027
0.0149681
0.466324
0.0495429
0.652789
0.0195145
0.0177256
0.742625
0.0280513
0.0198536
0.286051
0.825737
0.224318
0.219435
0.202794
0.0422407
0.635035
0.000422971
0.326271
0.54656
0.626266
0.610327
0.614869
0.852446
0.643963
0.006316
0.872219
0.0286552
0.0406955
0.0121293
0.00132255
0.241851
0.0270974
0.592178
1.05919
0.00586919
0.0123143
0.00616665
0.0301176
0.38788
0.0260203
0.594912
0.671756
0.354825
0.430717
0.3392
0.398464
0.0199498
0.00350054
0.00783171
0.0997323
0.406626
0.522114
0.99204
1.04682
0.0398342
0.0179486
0.0272032
0.461517
0.0086441
0.612594
0.0198119
0.0475423
0.977571
0.0126117
0.0359834
0.395231
0.024926
0.612566
0.00241676
0.0152916
0.561216
0.00619817
0.00368357
0.430537
0.603004
0.0446719
0.10332
0.154644
0.0102617
0.59772
0.0469741
0.530437
0.580982
0.529892
0.556978
0.505578
0.759875
0.551126
0.0415945
1.02057
0.0242992
0.0114065
0.0327418
0.0407292
0.0750533
0.0187252
0.590536
1.03792
0.0108752
0.015445
0.0142358
0.0290455
0.411979
0.0179194
0.607742
0.685808
0.41794
0.357867
0.407675
0.472059
0.0032128
0.0348461
0.0474963
-0.17769
-0.327517
-0.357658
-0.899202
-0.877876
0.0402264
0.00118355
0.00520775
-0.263067
0.01259
-0.43911
0.00525479
0.0366082
-0.878237
0.0182831
0.0355524
-0.46344
0.0337281
-0.485119
0.0465954
0.00537131
-0.687121
0.00927991
0.000153982
-0.317445
-0.77849
-0.14393
-0.165756
-0.195421
0.022872
-0.431942
0.00300931
-0.35707
-0.452814
-0.493639
-0.551463
-0.445292
-0.72367
-0.507963
0.0348383
-0.796165
0.0294904
0.040093
0.01298
0.0361651
-0.240905
0.0485324
-0.532534
-1.01278
0.0483206
0.000310472
0.0474755
0.0160281
-0.26378
0.0476295
-0.53111
-0.698981
-0.330641
-0.267965
-0.223757
-0.342576
0.0105729
0.0424379
0.0248523
0.262952
0.781731
0.726969
-0.0393345
-0.208491
0.00272633
0.04581
0.04519
0.97762
0.035903
-0.828536
0.0183819
0.0442791
0.00801854
0.022097
0.0363833
1.03731
0.0224074
-0.818722
0.0210511
0.0319978
-0.549746
0.0294673
0.0049009
0.953248
-0.565632
0.395938
0.276789
0.509968
0.0367674
-0.972335
0.0164457
0.787721
-0.905224
-0.802118
-0.892217
-0.917382
-0.465335
-0.920026
0.0466521
0.0144871
0.0139817
0.015034
0.00340967
0.0206841
0.494801
0.039793
-0.912049
0.203543
0.0236519
0.0467582
0.0415362
0.0051402
0.816434
0.0464371
-0.828637
-0.452693
0.887029
0.971025
0.73797
1.01203
0.0484787
0.0336715
0.0193376
0.197459
0.339427
0.367646
0.901324
1.02558
0.035771
0.021275
0.0434471
0.417049
0.0363089
0.605882
0.0204368
0.0234399
1.00508
0.046144
0.0329782
0.46954
0.0429022
0.541151
0.0154418
0.0191277
0.676108
0.0377258
0.0105668
0.397827
0.764938
0.212213
0.191963
0.160527
0.0114642
0.593295
0.0443472
0.425905
0.596676
0.519307
0.535213
0.598513
0.809008
0.579319
0.0240725
0.958529
0.0471736
0.0445093
0.0499939
0.0338233
0.210825
0.0329721
0.606841
1.01866
0.00748647
0.00956674
0.00268312
0.0284379
0.457127
0.01325
0.63048
0.678319
0.465307
0.380586
0.394932
0.347779
0.0379973
0.0114803
0.02506
-0.537494
-0.837339
-0.798862
-0.0406929
-0.0466395
0.0322465
0.0249383
0.0472496
-0.775267
0.0194477
0.888538
0.0132434
0.010101
0.0721431
0.00736831
0.0436564
-0.693284
0.016935
1.03511
0.01614
0.0142276
0.272843
0.00629581
0.047201
-0.616203
0.503293
-0.49763
-0.513591
-0.418905
0.0258143
0.944902
0.000246885
-1.06505
0.88919
0.92393
0.880699
0.983372
0.320133
0.808082
0.0217951
0.103866
0.0214534
0.0350385
0.00559971
0.00166898
-0.508999
0.0492561
0.941744
0.188976
0.0455957
0.00551102
0.0235694
0.00518523
-0.798665
0.0207704
0.912228
0.467177
-0.774569
-0.724339
-0.847177
-0.830708
0.0371551
0.0214581
0.0171836
0.0910039
0.222155
0.263982
0.484052
0.543555
0.0183537
0.0114538
0.0441207
0.237426
0.0464923
0.262396
0.041476
0.0388992
0.489505
0.0308471
0.0482411
0.270891
0.0363581
0.275388
0.0497575
0.048165
0.294542
0.0055748
0.0456754
0.243026
0.24509
0.0386817
0.0793848
0.00540025
0.0383448
0.20402
0.0489697
0.206259
0.346594
0.340375
0.263391
0.290886
0.280922
0.263509
0.00809238
0.49037
0.00337854
0.0495684
0.0354737
0.00235506
0.0741841
0.0337147
0.259927
0.535705
0.00552521
0.0466847
0.0149386
0.0481061
0.270603
0.0106139
0.283911
0.320832
0.225487
0.250172
0.2366
0.190602
0.0201836
0.0174463
0.0267609
1.26005
-0.66078
-0.639505
0.100975
0.126367
0.0399566
0.046493
0.00273127
-0.461289
0.0460614
0.590174
0.0456902
0.0264769
0.0172526
0.0426175
0.0432505
-0.578897
0.0393022
0.606893
0.025551
0.0415618
1.82613
0.00134257
0.0083523
-0.568142
1.86931
1.26356
1.17424
1.30762
0.0442752
0.540673
0.00603729
-0.543205
0.579878
0.57593
0.563408
0.589656
1.82451
0.502697
0.00850002
0.0412578
0.0474428
0.00419023
0.0134691
0.0193625
1.2191
0.00671961
0.54568
0.0107429
0.0149087
0.0223583
0.0276717
0.0337117
-0.601805
0.036024
0.526801
1.82686
-0.498022
-0.435724
-0.662925
-0.567972
0.031074
0.0313986
0.00747795
-0.61118
-0.667084
-0.635494
0.0268754
0.153322
0.0232225
0.0299471
0.00375953
-0.652553
0.0341374
0.837519
0.0400278
0.0309451
0.151915
0.0368351
0.017055
-0.891368
0.00919336
0.875189
0.0225686
0.0328942
0.350958
0.00258395
0.0223335
-0.751325
0.158238
-0.504419
-0.502321
-0.438541
0.0290934
0.872641
0.0321044
-0.903675
0.880587
0.921561
0.871059
0.911163
0.523241
0.826021
0.016082
0.139036
0.0426854
0.00610979
0.0485811
0.0166336
-0.529968
0.0156362
0.841931
-0.0731917
0.0103629
0.0280592
0.0350325
0.0411136
-0.672957
0.00736597
0.888068
0.435521
-0.758991
-0.565655
-0.759418
-0.81904
0.0436587
0.0333179
0.0390841
0.339492
0.95489
0.906322
-0.159768
-0.120646
0.0362381
0.0273517
0.0380042
0.862676
0.0334615
-0.882188
0.0455571
0.0264064
0.105077
0.00104768
0.0285446
0.908843
0.0291069
-0.940055
0.00369801
0.00975003
-0.315282
0.0384153
0.0351413
0.981207
-0.491953
0.435917
0.400801
0.414177
0.0196727
-0.792952
0.0333759
0.810429
-0.912099
-0.890056
-0.874029
-0.830972
-0.612012
-0.873207
0.0251852
-0.0953961
0.00149961
0.0207423
0.0318652
0.00372108
0.401449
0.0104097
-0.940322
0.0345507
0.0239868
0.0200035
0.0106469
0.0449298
1.085
0.0457882
-0.902193
-0.499947
0.896424
0.851773
0.866393
0.931301
0.0303338
0.0331819
0.00835769
0.41004
0.971659
0.942652
-0.134143
-0.0412433
0.000182164
0.0118041
0.00528362
0.988459
0.0325464
-0.930098
0.00540285
0.00433638
0.00330371
0.0217083
0.00523322
0.801274
0.0417118
-0.898999
0.0164751
0.000130531
-0.512945
0.0374087
0.0324136
1.01499
-0.425537
0.465124
0.47062
0.52458
0.0154014
-0.86679
0.0391914
0.837268
-0.88873
-0.884572
-0.872875
-0.853205
-0.536314
-0.798713
0.0411164
0.109028
0.0354862
0.0465192
0.0244973
0.0330447
0.526379
0.0297306
-0.837382
-0.0618957
0.0456107
0.0210651
0.0100699
0.00727896
0.734298
0.0424834
-0.856802
-0.272959
0.793676
0.813064
0.846104
0.890279
0.000701734
0.0149997
0.0333333
-0.914838
0.750886
0.610291
0.0382331
0.0878174
0.0247244
0.0205052
0.0485856
0.519064
0.0170244
-0.645874
0.0432553
0.0352519
0.186889
0.0478453
0.0451913
0.713181
0.0189104
-0.592153
0.00570312
0.0273842
-1.76809
0.00679336
0.00435836
0.479533
-1.99389
-1.17591
-1.26646
-1.04895
0.0451663
-0.554342
0.0441664
0.736074
-0.580369
-0.597406
-0.565554
-0.528855
-1.64015
-0.550658
0.00720715
-0.0564694
0.0360695
0.000462407
0.0463368
0.038883
-0.924743
0.041528
-0.63008
0.0230366
0.0467891
0.0430102
0.0446023
0.0445337
0.695646
0.0489607
-0.665267
-1.87154
0.468142
0.467206
0.360823
0.501997
0.0254181
0.00169273
0.0102699
-2.28796
0.141493
0.303406
1.13822
1.04067
0.0376573
0.00189408
0.0303931
0.391063
0.00235649
0.967216
0.0126098
0.000664181
1.01927
0.0499169
0.0178823
0.213052
0.0429271
0.865222
0.00958071
0.0427307
-1.19581
0.0265619
0.0460448
0.0918848
-1.45645
-2.3586
-2.00731
-2.36008
0.00526384
0.916383
0.0292033
0.334862
0.963846
0.928767
0.928581
0.936837
-1.39589
0.942927
0.011191
1.24256
0.0069431
0.0238008
0.028805
0.025201
-2.28809
0.0466873
0.957245
1.07133
0.00917193
0.0498287
0.00937548
0.0206173
0.32148
0.00542028
0.965957
-1.41061
0.219571
0.00613279
0.503482
0.137052
0.00119207
0.0432017
0.044767
0.257343
0.346394
0.419111
0.944504
0.922152
0.0248003
0.0496541
0.0210172
0.374701
0.0234549
0.567459
0.0069444
0.0471725
0.85833
0.0471924
0.0138173
0.358831
0.0470212
0.60695
0.0262986
0.0234118
0.809145
0.0374885
0.00589718
0.405879
0.781909
0.231683
0.181712
0.225058
0.0130973
0.567508
0.0157356
0.418476
0.585117
0.541287
0.578576
0.524756
0.82072
0.521703
0.0477574
0.942857
0.043905
0.00470183
0.0244801
0.0404144
0.220798
0.0382973
0.59975
0.923436
0.0114901
0.0223945
0.0223272
0.0401031
0.378893
0.0282244
0.547495
0.862962
0.386708
0.402775
0.413497
0.305514
0.0261937
0.00389978
0.0414066
-0.397324
-0.831218
-0.709342
0.134529
-0.123036
0.00855507
0.0311789
0.0392587
-0.799618
0.0358807
0.957788
0.0428745
0.037775
0.0590668
0.0389703
0.0366904
-0.795401
0.0113648
0.948464
0.00362928
0.0212478
0.429227
0.0313368
0.0446754
-0.909541
0.558479
-0.541627
-0.465947
-0.322948
0.0367394
0.846991
0.00450496
-0.59665
0.889308
0.88837
0.946805
0.918863
0.462691
0.959527
0.0134732
0.0542979
0.00978649
0.00634766
0.0427609
0.0118226
-0.422997
0.0294513
0.883795
0.000614813
0.0384689
0.0289781
0.0279306
0.0257109
-1.10725
0.0226059
0.918515
0.460037
-0.714529
-1.21513
-0.810678
-0.641096
0.0456377
0.0128212
0.0370227
0.483631
0.766243
0.839225
-0.1666
0.0434278
0.0398593
0.0225821
0.0248389
0.765423
0.0289297
-0.84543
0.0114684
0.0242477
-0.094279
0.0368173
0.0309304
0.982765
0.0157954
-0.907531
0.011231
0.0261103
-0.347984
0.0223037
0.047329
0.73993
-0.279164
0.500555
0.503622
0.42074
0.0184664
-0.816496
0.0236892
0.759618
-0.903107
-0.849575
-0.770947
-0.814899
-0.309219
-0.82805
0.0494368
-0.0797175
0.0315055
0.0109053
0.00855756
0.0285567
0.389137
0.039488
-0.851244
0.0620657
0.048349
0.0253077
0.0396283
0.0298159
0.887992
0.0369572
-0.797888
-0.431734
0.970587
1.09816
0.915974
0.764801
0.0119458
0.0268498
0.0302829
0.175924
0.447037
0.395891
0.870854
0.968537
0.0332555
0.0211054
0.049338
0.478152
0.0320107
0.512471
0.0433178
0.0297333
0.939284
0.00739453
0.0432512
0.533525
0.0327023
0.530052
0.0255485
0.0303137
0.574042
0.0422769
0.00788091
0.514907
0.600304
0.194455
0.219222
0.143459
0.0378913
0.516944
0.021926
0.512355
0.421612
0.468822
0.422822
0.489449
0.564338
0.441034
0.0211573
1.01166
0.0198008
0.014475
0.0264438
0.0171844
0.141624
0.0196951
0.51749
0.904138
0.00257455
0.0384654
0.0348856
0.0224113
0.449533
0.0427665
0.501141
0.702974
0.481502
0.52519
0.483401
0.491282
0.0121493
0.0408193
0.0392386
0.140302
0.450458
0.403757
1.03021
1.01773
0.0137112
0.0128435
0.0458243
0.41657
0.0273185
0.588372
0.000696411
0.049188
1.07609
0.0136133
0.00375984
0.4388
0.00207865
0.580588
0.016949
0.0328209
0.666901
0.00179945
0.00166575
0.370846
0.753812
0.194897
0.197165
0.199623
0.0113784
0.599429
0.00759725
0.347453
0.587076
0.651647
0.645623
0.586153
0.748347
0.604818
0.015187
1.01858
0.0129984
0.0158834
0.0386334
0.0049616
0.283114
0.0423933
0.561129
0.952771
0.0310387
0.0164484
0.0143962
0.0124505
0.345676
0.0160619
0.608279
0.637197
0.414578
0.352307
0.443352
0.467246
0.0407472
0.0083102
0.0437916
0.164507
0.428312
0.495932
0.973849
0.928611
0.0294278
0.00557272
0.00916598
0.421155
0.0214561
0.517446
0.0473878
0.000952753
1.07125
0.0468871
0.0325281
0.458577
0.0133355
0.58489
0.0336818
0.0315833
0.728296
0.0313522
0.00998907
0.55251
0.719424
0.140569
0.207184
0.194962
0.0190122
0.497282
0.00539972
0.407977
0.506503
0.626768
0.541493
0.521955
0.731169
0.541003
0.00194974
0.913733
0.00329187
0.0493375
0.023767
0.0434845
0.176364
0.00629511
0.522861
0.967856
0.00321937
0.0483977
0.0411435
0.0162056
0.477271
0.00113257
0.576057
0.783467
0.458922
0.341869
0.421368
0.423481
0.00481762
0.0377801
0.00745272
0.133196
0.576598
0.392895
1.09316
0.986091
0.00927164
0.0463867
0.00773804
0.420617
0.0457242
0.626588
0.00604805
0.0419488
1.15643
0.0207639
0.00150899
0.463136
0.0191616
0.586208
0.00722514
0.0489115
0.655464
0.0230379
0.034603
0.436755
0.736275
0.130766
0.105915
0.128892
0.00476341
0.645085
0.0261883
0.404007
0.596379
0.632122
0.622811
0.508155
0.624461
0.620869
0.0195335
0.968605
0.0124958
0.0255816
0.00468494
0.000296039
0.161437
0.00619393
0.63106
1.0384
0.0488464
0.0485407
0.0144186
0.0426315
0.297894
0.0490216
0.566223
0.60801
0.400597
0.505822
0.405151
0.48709
0.0286368
0.0254992
0.00909731
0.177225
0.457546
0.556756
0.979727
0.831543
0.0133408
0.00283878
0.0258725
0.446435
0.0284204
0.485178
0.0261326
0.0247659
1.00094
0.0174482
0.040273
0.40508
0.015989
0.566834
0.0282293
0.0375676
0.569158
0.0264804
0.0456036
0.382735
0.732532
0.175544
0.121541
0.159071
0.0204137
0.527305
0.0161701
0.468582
0.558446
0.596393
0.552343
0.495382
0.718471
0.47514
0.0211112
0.987382
0.0361046
0.0472438
0.00550038
0.022856
0.139793
0.0457734
0.575389
0.872494
0.000464978
0.0366831
0.0182487
0.00417819
0.495763
0.0138523
0.53851
0.646895
0.427911
0.397195
0.415322
0.524159
0.0139667
0.0303666
0.0457188
0.30386
0.423694
0.360929
1.0169
1.01279
0.0309406
0.0122863
0.0128907
0.397045
0.00953011
0.537064
0.0399012
0.0242222
0.853376
0.048355
0.0049032
0.398617
0.0350381
0.618592
0.0188076
0.0482016
0.857684
0.0427039
0.0225633
0.457678
0.793513
0.171072
0.213377
0.189642
0.0171264
0.4878
0.016954
0.47973
0.632064
0.514709
0.551935
0.623128
0.701796
0.600349
0.0440496
0.886635
0.0104062
0.0339508
0.00416773
0.0245706
0.218808
0.00907093
0.589021
0.974669
0.0322228
0.00800757
0.0155455
0.019227
0.460839
0.0381088
0.619741
0.728529
0.404246
0.423173
0.40434
0.487026
0.01062
0.0458058
0.0389632
0.528054
0.731582
0.908444
0.00990264
-0.10577
0.0101029
0.0277378
0.00429599
0.800048
0.0116885
-0.912842
0.0450797
0.0439943
0.195603
0.0342797
0.0113381
0.845076
0.0422872
-0.873838
0.0189845
0.0429988
-0.413078
0.0339825
0.000797056
0.895183
-0.543897
0.450646
0.394814
0.499903
0.0254547
-0.898631
0.0412358
0.986985
-0.81061
-0.80783
-0.961772
-0.881251
-0.412172
-0.843813
0.0195187
-0.0827508
0.0164998
0.0145984
0.0083446
0.0340344
0.542393
0.0196827
-0.818241
-0.00755744
0.0465664
0.00277635
0.034164
0.0115588
0.823547
0.0349611
-0.910207
-0.542849
0.702454
0.90676
1.03082
0.927438
0.0040944
0.0364788
0.0194543
0.215752
0.492627
0.472396
0.981131
1.0091
0.0312305
0.0115294
0.0284149
0.539131
0.0261278
0.503701
0.0317647
0.0250058
0.865633
0.0155566
0.0161711
0.451786
0.018333
0.426939
0.0145674
0.00509176
0.595808
0.015987
0.0157826
0.473113
0.593831
0.171242
0.1951
0.174815
0.0475043
0.409996
0.046358
0.454705
0.444658
0.456313
0.471734
0.475863
0.671415
0.472909
0.0115803
1.01334
0.0381462
0.043345
0.00103169
0.0445885
0.17865
0.0172028
0.478233
0.928604
0.0175379
0.0121645
0.0323263
0.00283418
0.475078
0.048109
0.410395
0.585253
0.483428
0.553468
0.470972
0.541702
0.00213634
0.0271287
0.0155459
-0.426935
-0.730859
-0.571649
0.214259
0.128624
0.0399042
0.0101862
0.0414214
-0.565584
0.00353121
0.83356
0.0226388
0.0124328
-0.30898
0.0202359
0.0396674
-0.878711
0.0324004
0.888126
0.030028
0.0105519
0.34344
0.0327683
0.0379658
-0.53784
0.349852
-0.50966
-0.451147
-0.528376
0.0458653
0.815459
0.0123718
-0.738387
0.890199
0.794904
0.848343
0.875085
0.19977
0.80369
0.00789392
0.246582
0.0106326
0.0305328
0.0371279
0.0202885
-0.616501
0.0267953
0.873387
-0.0959765
0.048789
0.0275102
0.043721
0.0188917
-0.767114
0.0316868
0.922005
0.397056
-0.957107
-0.624488
-0.734639
-0.816205
0.0354265
0.0257457
0.0076514
0.400334
0.941345
0.818563
0.0238033
-0.0350853
0.00258919
0.0131033
0.0325823
0.609137
0.0436361
-0.83705
0.0335103
0.0444047
0.184096
0.0309926
0.0275738
0.93884
0.00850277
-0.846568
0.0141861
0.0187813
-0.526268
0.0123149
0.00453939
0.950411
-0.383339
0.402528
0.395249
0.442781
0.043659
-0.803797
0.00711205
0.762744
-0.831965
-0.851322
-0.838436
-0.76857
-0.541451
-0.79194
0.00756563
-0.283099
0.0405621
0.0410759
0.0134656
0.0370676
0.416355
0.0410394
-0.876988
0.103395
0.0123342
0.0465482
0.0493526
0.0153157
0.764239
0.00389196
-0.863641
-0.42685
0.969904
0.83145
0.998405
0.935348
0.0257593
0.044041
0.0458468
-0.380224
-0.74304
-0.899178
-0.210307
-0.0441333
0.00496834
0.0194234
0.000848081
-0.707371
0.0104993
0.880509
0.032598
0.0325678
0.00558514
0.0149601
0.013139
-0.820528
0.0115082
0.903337
0.033003
0.0203713
0.436574
0.00172369
0.0255541
-0.990407
0.498781
-0.305849
-0.433444
-0.466414
0.00652401
0.935785
0.0134112
-0.843659
0.900639
0.942205
0.880897
0.918461
0.332632
0.965142
0.0341152
0.162531
0.00983545
0.0167132
0.0377594
0.0151885
-0.466704
0.000898465
0.906317
0.16338
0.0133901
0.0158789
0.0135528
0.0297737
-0.745914
0.0391068
0.886245
0.429037
-0.817164
-0.745442
-0.902478
-0.950786
0.0211157
0.047049
0.0210003
0.136135
0.496448
0.439063
1.04817
1.04385
0.0111958
0.027432
0.0222019
0.441119
0.0441452
0.577882
0.0362198
0.0258185
0.95687
0.0190956
0.019
0.436793
0.0349745
0.593798
0.00402353
0.002577
0.696117
0.0219861
0.0403175
0.469633
0.746348
0.132944
0.156374
0.135109
0.0210043
0.556741
0.0194496
0.519754
0.519064
0.584948
0.578197
0.600097
0.642772
0.630292
0.000264567
0.989575
0.0424958
0.0364843
0.0101622
0.00335558
0.108132
0.0291622
0.607076
0.970945
0.0117149
0.031629
0.0431314
0.0333745
0.417426
0.0334489
0.584107
0.757488
0.420171
0.477132
0.441341
0.400627
0.0403508
0.031384
0.0217308
0.131993
0.411682
0.489969
1.04579
0.98462
0.0145977
0.0378863
0.0186927
0.520434
0.0243706
0.538223
0.0104491
0.0299505
0.938015
0.0380545
0.0205049
0.458762
0.0196835
0.617445
0.00310642
0.0232986
0.625674
0.00973034
0.0205154
0.420312
0.695347
0.139408
0.134122
0.126725
0.0138339
0.625527
0.0464566
0.50174
0.534102
0.517506
0.655905
0.570975
0.64338
0.612206
0.00838319
1.12174
0.0398809
0.0188323
0.0262857
0.0478979
0.0834563
0.0467907
0.595742
1.02748
0.010427
0.0207363
0.0498689
0.00751219
0.3891
0.0203843
0.617251
0.634961
0.410471
0.450571
0.51063
0.539033
0.0495282
0.0127091
0.0246524
0.089793
0.533986
0.370293
0.925306
1.086
0.0280118
0.0458931
0.0150873
0.477267
0.0147254
0.633328
0.0157907
0.0216122
1.13109
0.0334205
0.0481825
0.540479
0.00415681
0.608286
0.00610281
0.0346234
0.543687
0.0181044
0.0128076
0.438463
0.58422
0.105454
0.150571
0.0793432
0.0417692
0.611256
0.0487524
0.484154
0.597788
0.536449
0.503832
0.57897
0.665063
0.55538
0.0254805
1.08373
0.0137689
0.0412712
0.0184929
0.00193258
0.119293
0.0166754
0.616339
1.0337
0.0147268
0.00662602
0.013472
0.0331626
0.389736
0.0262796
0.614351
0.606813
0.441706
0.497684
0.495306
0.421961
0.00496071
0.049019
0.0356654
0.209587
0.394105
0.38806
1.02766
0.992083
0.01537
0.0176051
0.0143173
0.429807
0.0088763
0.58623
0.0310715
0.033568
1.01586
0.0315947
0.0124165
0.43233
0.0382208
0.537843
0.0473749
0.0129512
0.717674
0.00180737
0.000685604
0.299916
0.767433
0.202715
0.176876
0.243216
0.0499711
0.618253
0.0336752
0.420344
0.594712
0.566243
0.501156
0.58683
0.686965
0.559639
0.0277649
0.934296
0.0498164
0.00883644
0.0358492
0.0493019
0.22958
0.0482658
0.536352
0.91225
0.0241542
0.0108891
0.0416032
0.0263223
0.423824
0.0422888
0.551999
0.700661
0.442284
0.48314
0.392906
0.536808
0.0287282
0.039688
0.0284644
-1.50618
0.353562
0.87621
0.187595
-0.0396738
0.0481596
0.038375
0.011174
0.799031
0.0472114
-0.478909
0.0472778
0.0376426
0.0451914
0.010792
0.0162945
0.871486
0.0216811
-0.499842
0.0457655
0.0343776
-2.23856
0.0295954
0.0412519
0.344859
-2.10618
-1.51688
-1.51251
-1.69684
0.0369526
-0.568077
0.00875406
0.591638
-0.559993
-0.51682
-0.495382
-0.529757
-2.1959
-0.491353
0.0423927
0.228062
0.0195302
0.0396705
0.042593
0.0148192
-1.532
0.00888756
-0.485944
0.304128
0.0167852
0.0300278
0.00652128
0.0169717
0.533557
0.0477731
-0.475574
-2.22131
0.809197
0.828237
0.709243
0.491603
0.0121424
0.033189
0.0344307
0.597696
0.66355
0.78486
-0.056506
-0.00383974
0.0182708
0.0452091
0.0152426
0.725493
0.0348796
-0.904539
0.00262025
0.0353421
0.00766154
0.0368826
0.00748581
0.977955
0.0169105
-0.818397
0.000480115
0.0265337
-0.511127
0.0108792
0.00419865
0.934794
-0.313044
0.475315
0.494709
0.458495
0.0118225
-0.808879
0.0284596
0.87014
-0.788731
-0.902257
-0.886037
-0.848076
-0.329711
-0.838341
0.0250746
-0.156417
0.0477461
0.0276949
0.0467068
0.0144693
0.409444
0.00419262
-0.856924
0.0654094
0.0181997
0.0484579
0.00802165
0.0299799
0.725555
0.0122203
-0.86671
-0.263783
0.885193
0.768536
0.93111
0.804034
0.0488452
0.0157743
0.017052
-0.39394
-0.81502
-0.807313
0.0331304
-0.0619533
0.0316302
0.0301961
0.0349
-0.878858
0.00789101
0.828148
0.0438455
0.0224685
0.12631
0.0418233
0.0039565
-0.802242
0.0402811
0.861499
0.0339791
0.0496181
0.510186
0.020777
0.0168728
-0.878929
0.466673
-0.461324
-0.519884
-0.375933
0.0199617
0.888797
0.0130763
-0.725282
0.925257
0.893172
0.920493
0.905964
0.524568
0.92624
0.037507
0.00806949
0.00705413
0.0313525
0.0287535
0.0428536
-0.315392
0.03271
0.977879
0.0171625
0.0446881
0.0308318
0.0130751
0.0188866
-0.830539
0.0299479
0.848436
0.447285
-0.735651
-0.862045
-0.810661
-0.931363
0.0364483
0.00629676
0.021109
0.131783
0.394481
0.45603
0.949762
1.05439
0.0371037
0.00858654
0.0291735
0.448243
0.0399391
0.580154
0.0370114
0.0131149
0.94888
0.0338641
0.0265718
0.357966
0.0146959
0.585285
0.00421162
0.0163047
0.751116
0.0381505
0.0142967
0.377016
0.728933
0.109227
0.0805555
0.173211
0.0138139
0.638555
0.0392153
0.42847
0.595316
0.502501
0.550843
0.594716
0.72902
0.596086
0.021854
0.98223
0.0482974
0.00886536
0.0219354
0.0389343
0.166198
0.0485072
0.571581
0.946299
0.0381541
0.0284709
0.0237299
0.00774891
0.528402
0.0380267
0.536638
0.771456
0.506585
0.451468
0.424194
0.543691
0.0482425
0.0219213
0.0476662
0.561821
0.782415
0.783933
-0.0533933
-0.0622153
0.0492336
0.0383853
0.00991813
0.789349
0.0472506
-0.826786
0.0364653
0.03998
0.0689499
0.0107246
0.0474053
0.707679
0.0391955
-0.824627
0.0262637
0.00581692
-0.290282
0.0377427
0.0122565
0.690569
-0.283526
0.598108
0.605207
0.499746
0.0168839
-0.8717
0.0441264
0.859615
-0.748785
-0.794389
-0.837252
-0.829799
-0.435381
-0.806144
0.0173574
0.000371689
0.0419694
0.00382266
0.0362736
0.02233
0.561546
0.0336789
-0.873535
-0.0760347
0.00481418
0.0171086
0.00955962
0.0139761
0.832789
0.0218161
-0.758438
-0.426064
0.701826
0.72989
0.886181
0.906639
0.0444749
0.0113182
0.0327626
0.619754
0.777457
0.860928
-0.0524277
-0.0634089
0.0430761
0.00225153
0.0173124
0.714576
0.00607419
-0.825566
0.00737554
0.0206214
0.186468
0.0482204
0.0243641
0.699208
0.015329
-0.794751
0.00605515
0.0201803
-0.276076
0.024737
0.0320805
1.00537
-0.46165
0.681017
0.367547
0.550276
0.0105904
-0.786086
0.0170248
0.717184
-0.808751
-0.925737
-0.83205
-0.925377
-0.338505
-0.899219
2.54751e-05
-0.195512
0.0244834
0.00740102
0.0308661
0.0117482
0.59838
0.00523017
-0.949115
-0.163509
0.0391539
0.00988243
0.0411306
0.0448938
0.807785
0.0232112
-0.925327
-0.245969
0.808372
1.04665
0.898376
0.893742
0.0125368
0.0110835
0.01564
-0.40707
-0.832847
-0.830784
0.0762884
0.0441953
0.0401225
0.0494461
0.0274175
-0.919971
0.00684708
0.91533
0.026354
0.0124685
0.114599
0.0301813
0.0334189
-0.815593
0.0400638
0.914708
0.0475614
0.0246832
0.371591
0.0149737
0.0167848
-0.807142
0.478754
-0.468663
-0.390994
-0.247475
0.021927
0.912131
0.0355443
-0.791568
0.967608
0.899426
0.850808
0.913812
0.564284
0.90528
0.0429112
-0.0547423
0.0378034
0.0192652
0.00372655
0.00131719
-0.398273
0.0371454
0.813686
0.0945397
0.0116949
0.0015463
0.0141935
0.00945548
-1.15839
0.0309782
0.873287
0.456186
-0.992923
-0.787174
-0.817948
-0.667473
0.00197513
0.0417349
0.0486782
0.0202208
0.201151
0.201442
0.543147
0.487407
0.0303003
0.0113745
0.00236885
0.313793
0.0306398
0.309393
0.0194209
0.0300863
0.513795
0.0234058
0.0195966
0.305742
0.0249521
0.306288
0.0143911
0.0414721
0.217628
0.0440906
0.046559
0.200276
0.274109
-0.0392514
-0.00208282
0.00523389
0.0444845
0.228084
0.0192411
0.25249
0.333734
0.335266
0.293195
0.267447
0.295479
0.349147
0.0182015
0.636266
0.0407594
0.0376224
0.00980507
0.0340002
-0.0187966
0.0294017
0.278859
0.532881
0.0131917
0.00332698
0.0274524
0.02796
0.262025
0.0240114
0.284982
0.283268
0.203501
0.194717
0.228275
0.280861
0.0239056
0.0228497
0.0424298